#
# A fatal error has been detected by the Java Runtime Environment:
#
#  EXCEPTION_ACCESS_VIOLATION (0xc0000005) at pc=0x00007ffa11f48305, pid=2996, tid=10184
#
# JRE version: Java(TM) SE Runtime Environment (21.0.7+8) (build 21.0.7+8-LTS-245)
# Java VM: Java HotSpot(TM) 64-Bit Server VM (21.0.7+8-LTS-245, mixed mode, sharing, tiered, compressed oops, compressed class ptrs, g1 gc, windows-amd64)
# Problematic frame:
# V  [jvm.dll+0x318305]
#
# No core dump will be written. Minidumps are not enabled by default on client versions of Windows
#
# If you would like to submit a bug report, please visit:
#   https://bugreport.java.com/bugreport/crash.jsp
#

---------------  S U M M A R Y ------------

Command Line: --add-opens=java.base/java.lang=ALL-UNNAMED --add-opens=java.base/java.lang.invoke=ALL-UNNAMED --add-opens=java.base/java.util=ALL-UNNAMED --add-opens=java.prefs/java.util.prefs=ALL-UNNAMED --add-exports=jdk.compiler/com.sun.tools.javac.api=ALL-UNNAMED --add-exports=jdk.compiler/com.sun.tools.javac.util=ALL-UNNAMED --add-opens=java.base/java.util=ALL-UNNAMED --add-opens=java.prefs/java.util.prefs=ALL-UNNAMED --add-opens=java.base/java.nio.charset=ALL-UNNAMED --add-opens=java.base/java.net=ALL-UNNAMED --add-opens=java.base/java.util.concurrent.atomic=ALL-UNNAMED --add-opens=java.xml/javax.xml.namespace=ALL-UNNAMED -Xmx4096M -Dfile.encoding=UTF-8 -Duser.country=BR -Duser.language=pt -Duser.variant -javaagent:C:\Users\Diogo\.gradle\wrapper\dists\gradle-8.13-bin\5xuhj0ry160q40clulazy9h7d\gradle-8.13\lib\agents\gradle-instrumentation-agent-8.13.jar org.gradle.launcher.daemon.bootstrap.GradleDaemon 8.13

Host: Intel(R) Core(TM) i7-3630QM CPU @ 2.40GHz, 8 cores, 11G,  Windows 10 , 64 bit Build 19041 (10.0.19041.5915)
Time: Mon Jun  2 21:28:24 2025 Hora oficial do Brasil elapsed time: 10057.107141 seconds (0d 2h 47m 37s)

---------------  T H R E A D  ---------------

Current thread (0x000001fc9d23dbf0):  WorkerThread "G1 Conc#1"      [id=10184, stack(0x000000a795a00000,0x000000a795b00000) (1024K)]

Stack: [0x000000a795a00000,0x000000a795b00000],  sp=0x000000a795aff4a0,  free space=1021k
Native frames: (J=compiled Java code, j=interpreted, Vv=VM code, C=native code)
V  [jvm.dll+0x318305]
V  [jvm.dll+0x31819f]
V  [jvm.dll+0x315b0d]
V  [jvm.dll+0x315752]
V  [jvm.dll+0x334f60]
V  [jvm.dll+0x331821]
V  [jvm.dll+0x33335c]
V  [jvm.dll+0x3320ef]
V  [jvm.dll+0x335a16]
V  [jvm.dll+0x8834d7]
V  [jvm.dll+0x7ffa1b]
V  [jvm.dll+0x6c94fd]
C  [ucrtbase.dll+0x21bb2]
C  [KERNEL32.DLL+0x17374]
C  [ntdll.dll+0x4cc91]


siginfo: EXCEPTION_ACCESS_VIOLATION (0xc0000005), reading address 0x0000020435861100


Registers:
RAX=0x000001fc3587d100, RBX=0x000001fc358be3e0, RCX=0x0000000000000015, RDX=0x0000000000000000
RSP=0x000000a795aff4a0, RBP=0x0000000000000000, RSI=0x000001fc358a84b0, RDI=0x0000000000000008
R8 =0x0000000000000008, R9 =0x00000000ffffc800, R10=0x000001fc35851cd0, R11=0x000000000000000b
R12=0x0000000000000000, R13=0xaaaaaaaaaaaaaaab, R14=0x000001fc564d4d08, R15=0x000000070768cfd0
RIP=0x00007ffa11f48305, EFLAGS=0x0000000000010a06


Register to memory mapping:

RAX=0x000001fc3587d100 points into unknown readable memory: 0x000001fc358e0f90 | 90 0f 8e 35 fc 01 00 00
RBX=0x000001fc358be3e0 points into unknown readable memory: 0x00007ffa12602d68 | 68 2d 60 12 fa 7f 00 00
RCX=0x0000000000000015 is an unknown value
RDX=0x0 is null
RSP=0x000000a795aff4a0 points into unknown readable memory: 0x0000000000098968 | 68 89 09 00 00 00 00 00
RBP=0x0 is null
RSI=0x000001fc358a84b0 points into unknown readable memory: 0x000001fc358b8fd0 | d0 8f 8b 35 fc 01 00 00
RDI=0x0000000000000008 is an unknown value
R8 =0x0000000000000008 is an unknown value
R9 =0x00000000ffffc800 is an unknown value
R10=0x000001fc35851cd0 points into unknown readable memory: 0x00007ffa126013c0 | c0 13 60 12 fa 7f 00 00
R11=0x000000000000000b is an unknown value
R12=0x0 is null
R13=0xaaaaaaaaaaaaaaab is an unknown value
R14=0x000001fc564d4d08 is a pointer to class: 
R15=0x000000070768cfd0 is an oop: org.codehaus.groovy.reflection.CachedMethod 
{0x000000070768cfd0} - klass: 'org/codehaus/groovy/reflection/CachedMethod'
 - ---- fields (total size 8 words):
 - protected 'isVargsMethod' 'Z' @12  false (0x00)
 - protected volatile 'parameterTypes' '[Lorg/codehaus/groovy/reflection/CachedClass;' @16  a 'org/codehaus/groovy/reflection/CachedClass'[2] {0x000000070768d010} (0xe0ed1a02)
 - protected volatile 'nativeParamTypes' '[Ljava/lang/Class;' @20  a 'java/lang/Class'[2] {0x000000070768d028} (0xe0ed1a05)
 - private 'signature' 'Ljava/lang/String;' @24  null (0x00000000)
 - private 'mopName' 'Ljava/lang/String;' @28  null (0x00000000)
 - private 'skipCompiled' 'Z' @13  false (0x00)
 - private 'makeAccessibleDone' 'Z' @14  false (0x00)
 - private 'hashCode' 'I' @32  0 (0x00000000)
 - public final 'cachedClass' 'Lorg/codehaus/groovy/reflection/CachedClass;' @36  a 'org/codehaus/groovy/reflection/stdclasses/StringCachedClass'{0x000000070315ff88} (0xe062bff1)
 - private final 'cachedMethod' 'Ljava/lang/reflect/Method;' @40  a 'java/lang/reflect/Method'{0x000000070768d040} (0xe0ed1a08)
 - private 'transformedMethod' 'Lorg/codehaus/groovy/reflection/CachedMethod;' @44  null (0x00000000)
 - private 'pogoCallSiteConstructor' 'Ljava/lang/ref/SoftReference;' @48  null (0x00000000)
 - private 'pojoCallSiteConstructor' 'Ljava/lang/ref/SoftReference;' @52  
[error occurred during error reporting (printing register info), id 0xc0000005, EXCEPTION_ACCESS_VIOLATION (0xc0000005) at pc=0x00007ffa122e67fd]

Top of Stack: (sp=0x000000a795aff4a0)
0x000000a795aff4a0:   0000000000098968 00007ffa11f48336
0x000000a795aff4b0:   0000623f5fcfc531 00007ffa11f4819f
0x000000a795aff4c0:   0000000000000008 00007ffa11f4819f
0x000000a795aff4d0:   000001fc358be3e0 000000a795aff670
0x000000a795aff4e0:   000001fc564d4d00 000000a795aff670
0x000000a795aff4f0:   000000070768d00c 00007ffa11f45b0d
0x000000a795aff500:   000000070768d004 00007ffa11f4625d
0x000000a795aff510:   00000007076516a8 0000000000000001
0x000000a795aff520:   000000a795aff630 0000000000000001
0x000000a795aff530:   000000070768cfd0 00007ffa11f45752
0x000000a795aff540:   000001fc564d49c8 0000000000000008
0x000000a795aff550:   000000a795aff670 0000000000000000
0x000000a795aff560:   000001fc358be3e0 00007ffa11f64f60
0x000000a795aff570:   000000070768cfd0 000001fc358a84c0
0x000000a795aff580:   000000a795aff630 000001fc358a84c0
0x000000a795aff590:   000000070768cfd0 00007ffa11f61821
0x000000a795aff5a0:   0000000000ed19fa 000000a7936ff620
0x000000a795aff5b0:   0000000703160560 00007ffa11f62e74
0x000000a795aff5c0:   0000000000f00000 00007ffa11f6335c
0x000000a795aff5d0:   00000007076516b0 0000000000ed19fa
0x000000a795aff5e0:   0000000001ad2748 0000000000098968
0x000000a795aff5f0:   000001fc9a0cbb30 0000000000000001
0x000000a795aff600:   000001fc358be3e0 00007ffa11f620ef
0x000000a795aff610:   000001fc358be478 0000000000000000
0x000000a795aff620:   000000a7936ff601 0000000000000000
0x000000a795aff630:   000001fc358a84b0 000001fc358be3e0
0x000000a795aff640:   0000000707600000 0000000000040000
0x000000a795aff650:   0000000707600000 0000000000040000
0x000000a795aff660:   0000000000098968 0000000001a86294
0x000000a795aff670:   00007ffa12602d88 000001fc54a0b620
0x000000a795aff680:   0000000000000003 000001fc35851cd0
0x000000a795aff690:   000001fc358be3e0 00007ffa122ca833 

Instructions: (pc=0x00007ffa11f48305)
0x00007ffa11f48205:   05 75 35 48 8b 83 a8 00 00 00 48 39 83 a0 00 00
0x00007ffa11f48215:   00 73 10 48 8b 83 c0 00 00 00 48 39 83 b8 00 00
0x00007ffa11f48225:   00 72 7f 48 8b cb e8 10 bf 01 00 b0 01 48 8b 5c
0x00007ffa11f48235:   24 30 48 83 c4 20 5f c3 48 8b 53 30 44 8b 82 80
0x00007ffa11f48245:   00 00 00 8b 82 00 01 00 00 41 8b c8 2b c8 81 e1
0x00007ffa11f48255:   ff ff 01 00 81 f9 fe ff 01 00 72 2c 48 8b cb e8
0x00007ffa11f48265:   e7 b2 01 00 48 8b 53 30 44 8b 82 80 00 00 00 8b
0x00007ffa11f48275:   82 00 01 00 00 41 8b c8 2b c8 81 e1 ff ff 01 00
0x00007ffa11f48285:   81 f9 fe ff 01 00 73 1a 48 8b 82 80 01 00 00 4a
0x00007ffa11f48295:   89 3c c0 41 8d 40 01 25 ff ff 01 00 89 82 80 00
0x00007ffa11f482a5:   00 00 48 8b 5c 24 30 b0 01 48 83 c4 20 5f c3 cc
0x00007ffa11f482b5:   cc cc cc cc cc cc cc cc cc cc cc 48 89 6c 24 10
0x00007ffa11f482c5:   48 89 74 24 18 57 48 83 ec 20 4c 8b 51 08 48 8b
0x00007ffa11f482d5:   f1 4d 8b c8 8b ea 49 8b f8 41 8b 8a 18 02 00 00
0x00007ffa11f482e5:   49 8b 82 10 02 00 00 48 d3 e0 8b 0d 8b dc 90 00
0x00007ffa11f482f5:   4c 2b c8 49 8b 82 f8 01 00 00 49 d3 e9 45 8b c9
0x00007ffa11f48305:   4a 8b 04 c8 48 8b 40 60 4c 3b c0 72 12 32 c0 48
0x00007ffa11f48315:   8b 6c 24 38 48 8b 74 24 40 48 83 c4 20 5f c3 48
0x00007ffa11f48325:   8b 46 10 48 8d 4e 10 48 8b d7 48 89 5c 24 30 ff
0x00007ffa11f48335:   10 8b 4e 28 48 8b d7 48 2b 56 18 48 8b 46 30 48
0x00007ffa11f48345:   c1 ea 03 48 d3 ea 48 8b ca 48 c1 e9 06 4c 8d 04
0x00007ffa11f48355:   c8 0f b6 ca 49 8b 00 80 e1 3f ba 01 00 00 00 48
0x00007ffa11f48365:   d3 e2 48 8b c8 48 0b ca 48 3b c8 74 12 f0 49 0f
0x00007ffa11f48375:   b1 08 74 25 48 8b c8 48 0b ca 48 3b c8 75 ee 32
0x00007ffa11f48385:   db 48 8b 6c 24 38 0f b6 c3 48 8b 5c 24 30 48 8b
0x00007ffa11f48395:   74 24 40 48 83 c4 20 5f c3 80 3d 15 62 8a 00 00
0x00007ffa11f483a5:   b3 01 74 15 8b 57 08 8b 0d d6 4b 8a 00 48 d3 e2
0x00007ffa11f483b5:   48 03 15 c4 4b 8a 00 eb 04 48 8b 57 08 48 8b cf
0x00007ffa11f483c5:   e8 86 53 e2 ff 48 8b 8e b8 02 00 00 4c 8b d8 4c
0x00007ffa11f483d5:   8b 0c e9 49 8b 51 18 8b 8a 18 02 00 00 4c 8b 82
0x00007ffa11f483e5:   10 02 00 00 41 8b 51 60 49 d3 e0 8b 0d 8a db 90
0x00007ffa11f483f5:   00 49 2b f8 48 d3 ef 44 8b d7 49 23 d2 48 c1 e2 


Stack slot to memory mapping:

stack at sp + 0 slots: 0x0000000000098968 is an unknown value
stack at sp + 1 slots: 0x00007ffa11f48336 jvm.dll
stack at sp + 2 slots: 0x0000623f5fcfc531 is an unknown value
stack at sp + 3 slots: 0x00007ffa11f4819f jvm.dll
stack at sp + 4 slots: 0x0000000000000008 is an unknown value
stack at sp + 5 slots: 0x00007ffa11f4819f jvm.dll
stack at sp + 6 slots: 0x000001fc358be3e0 points into unknown readable memory: 0x00007ffa12602d68 | 68 2d 60 12 fa 7f 00 00
stack at sp + 7 slots: 0x000000a795aff670 points into unknown readable memory: 0x00007ffa12602d88 | 88 2d 60 12 fa 7f 00 00


---------------  P R O C E S S  ---------------

Threads class SMR info:
_java_thread_list=0x000001fc9ebc35a0, length=150, elements={
0x000001fc335c5db0, 0x000001fc54a2b420, 0x000001fc54a2e240, 0x000001fc54a2fea0,
0x000001fc54a32a00, 0x000001fc54a336d0, 0x000001fc54a36130, 0x000001fc54a49c60,
0x000001fc54a4cb00, 0x000001fc54c2a400, 0x000001fc54dc4170, 0x000001fc9b3b20c0,
0x000001fc9af1e4f0, 0x000001fc9be10cd0, 0x000001fc9be776b0, 0x000001fc9be7ab30,
0x000001fc9be77d40, 0x000001fc9be79780, 0x000001fc54a8c5d0, 0x000001fc54a8fa50,
0x000001fc54a8e6a0, 0x000001fc54a90770, 0x000001fc54a8cc60, 0x000001fc54a8f3c0,
0x000001fc54a8d980, 0x000001fc54a90e00, 0x000001fc54a8b220, 0x000001fc54a8d2f0,
0x000001fc9e1b2160, 0x000001fc54f7a3a0, 0x000001fc9ea3fbd0, 0x000001fc9ea3eeb0,
0x000001fc9ea429c0, 0x000001fc9ea41610, 0x000001fc9ea44400, 0x000001fc9ea44a90,
0x000001fc9ea43050, 0x000001fc9ea457b0, 0x000001fc9ea45120, 0x000001fc9ea45e40,
0x000001fc9ea436e0, 0x000001fc9ea43d70, 0x000001fc9ea464d0, 0x000001fc9ea3f540,
0x000001fc9ea40260, 0x000001fc9ea40f80, 0x000001fc9d98ef50, 0x000001fc9d991020,
0x000001fc9d98dba0, 0x000001fc9d9916b0, 0x000001fc9d991d40, 0x000001fc9d98ce80,
0x000001fc9d990990, 0x000001fc9d992a60, 0x000001fc9d98fc70, 0x000001fc9d98f5e0,
0x000001fc9d9930f0, 0x000001fc9d98c160, 0x000001fc9d990300, 0x000001fc9d993780,
0x000001fc9d98c7f0, 0x000001fc9d993e10, 0x000001fc9d9944a0, 0x000001fc9d98e230,
0x000001fc9d98d510, 0x000001fc9d994b30, 0x000001fc9d9951c0, 0x000001fc9d995850,
0x000001fc9d98e8c0, 0x000001fc9d99ada0, 0x000001fc9d998cd0, 0x000001fc9d999360,
0x000001fc9d99a710, 0x000001fc9d99b430, 0x000001fc9d995ee0, 0x000001fc9d996570,
0x000001fc9d996c00, 0x000001fc9d997920, 0x000001fc9d997290, 0x000001fc9d997fb0,
0x000001fc9d9999f0, 0x000001fc9d998640, 0x000001fc9d99a080, 0x000001fc9da164a0,
0x000001fc9da18570, 0x000001fc9da115e0, 0x000001fc9da136b0, 0x000001fc9da18c00,
0x000001fc9da171c0, 0x000001fc9da14a60, 0x000001fc9da13020, 0x000001fc9da143d0,
0x000001fc9da150f0, 0x000001fc9da15780, 0x000001fc9da11c70, 0x000001fc9da19290,
0x000001fc9da15e10, 0x000001fc9da12300, 0x000001fc9da19920, 0x000001fc9da16b30,
0x000001fc9da17ee0, 0x000001fc9da12990, 0x000001fc9da1e150, 0x000001fc9da1c710,
0x000001fc9da1c080, 0x000001fc9da1f500, 0x000001fc9da1cda0, 0x000001fc9da1a640,
0x000001fc9da1ee70, 0x000001fc9da1e7e0, 0x000001fc9da1fb90, 0x000001fc9da1dac0,
0x000001fc9da1acd0, 0x000001fc9da19fb0, 0x000001fc9da1b360, 0x000001fc9da20220,
0x000001fc9da1b9f0, 0x000001fc9da1d430, 0x000001fca0fc7860, 0x000001fca0fc64b0,
0x000001fca0fc15f0, 0x000001fca0fc8580, 0x000001fca0fc3d50, 0x000001fca0fc6b40,
0x000001fca0fc71d0, 0x000001fca0fc92a0, 0x000001fca0fc2310, 0x000001fca0fc7ef0,
0x000001fca0fc43e0, 0x000001fca0fc9930, 0x000001fca0fc8c10, 0x000001fca0fc4a70,
0x000001fca0fc5100, 0x000001fca0fc5e20, 0x000001fca0fc36c0, 0x000001fca0fc29a0,
0x000001fca0fc9fc0, 0x000001fca0fc3030, 0x000001fca0fcdad0, 0x000001fca0fca650,
0x000001fca0fcace0, 0x000001fca0fcc090, 0x000001fca0fce160, 0x000001fca0fcb370,
0x000001fca0fcfba0, 0x000001fc9c34c190, 0x000001fc9c34ad20, 0x000001fca0fcc720,
0x000001fca0fcf510, 0x000001fca0fd0230
}

Java Threads: ( => current thread )
  0x000001fc335c5db0 JavaThread "main"                              [_thread_blocked, id=6276, stack(0x000000a793400000,0x000000a793500000) (1024K)]
  0x000001fc54a2b420 JavaThread "Reference Handler"          daemon [_thread_blocked, id=2512, stack(0x000000a793c00000,0x000000a793d00000) (1024K)]
  0x000001fc54a2e240 JavaThread "Finalizer"                  daemon [_thread_blocked, id=8016, stack(0x000000a793d00000,0x000000a793e00000) (1024K)]
  0x000001fc54a2fea0 JavaThread "Signal Dispatcher"          daemon [_thread_blocked, id=4896, stack(0x000000a793e00000,0x000000a793f00000) (1024K)]
  0x000001fc54a32a00 JavaThread "Attach Listener"            daemon [_thread_blocked, id=5584, stack(0x000000a793f00000,0x000000a794000000) (1024K)]
  0x000001fc54a336d0 JavaThread "Service Thread"             daemon [_thread_blocked, id=7152, stack(0x000000a794000000,0x000000a794100000) (1024K)]
  0x000001fc54a36130 JavaThread "Monitor Deflation Thread"   daemon [_thread_blocked, id=7112, stack(0x000000a794100000,0x000000a794200000) (1024K)]
  0x000001fc54a49c60 JavaThread "C2 CompilerThread0"         daemon [_thread_blocked, id=4832, stack(0x000000a794200000,0x000000a794300000) (1024K)]
  0x000001fc54a4cb00 JavaThread "C1 CompilerThread0"         daemon [_thread_blocked, id=11852, stack(0x000000a794300000,0x000000a794400000) (1024K)]
  0x000001fc54c2a400 JavaThread "Common-Cleaner"             daemon [_thread_blocked, id=2340, stack(0x000000a794400000,0x000000a794500000) (1024K)]
  0x000001fc54dc4170 JavaThread "Notification Thread"        daemon [_thread_blocked, id=5840, stack(0x000000a794500000,0x000000a794600000) (1024K)]
  0x000001fc9b3b20c0 JavaThread "Daemon health stats"               [_thread_blocked, id=3100, stack(0x000000a794600000,0x000000a794700000) (1024K)]
  0x000001fc9af1e4f0 JavaThread "Incoming local TCP Connector on port 49849"        [_thread_in_native, id=6724, stack(0x000000a794e00000,0x000000a794f00000) (1024K)]
  0x000001fc9be10cd0 JavaThread "Daemon periodic checks"            [_thread_blocked, id=5212, stack(0x000000a794f00000,0x000000a795000000) (1024K)]
  0x000001fc9be776b0 JavaThread "Cache worker for journal cache (C:\Users\Diogo\.gradle\caches\journal-1)"        [_thread_blocked, id=8772, stack(0x000000a795700000,0x000000a795800000) (1024K)]
  0x000001fc9be7ab30 JavaThread "File lock request listener"        [_thread_in_native, id=4496, stack(0x000000a795800000,0x000000a795900000) (1024K)]
  0x000001fc9be77d40 JavaThread "Cache worker for file hash cache (C:\Users\Diogo\.gradle\caches\8.13\fileHashes)"        [_thread_blocked, id=4044, stack(0x000000a795900000,0x000000a795a00000) (1024K)]
  0x000001fc9be79780 JavaThread "File watcher server"        daemon [_thread_in_native, id=8768, stack(0x000000a795d00000,0x000000a795e00000) (1024K)]
  0x000001fc54a8c5d0 JavaThread "File watcher consumer"      daemon [_thread_blocked, id=3672, stack(0x000000a795e00000,0x000000a795f00000) (1024K)]
  0x000001fc54a8fa50 JavaThread "jar transforms"                    [_thread_blocked, id=1916, stack(0x000000a796000000,0x000000a796100000) (1024K)]
  0x000001fc54a8e6a0 JavaThread "jar transforms Thread 2"           [_thread_blocked, id=10108, stack(0x000000a796100000,0x000000a796200000) (1024K)]
  0x000001fc54a90770 JavaThread "jar transforms Thread 3"           [_thread_blocked, id=4140, stack(0x000000a796200000,0x000000a796300000) (1024K)]
  0x000001fc54a8cc60 JavaThread "jar transforms Thread 4"           [_thread_blocked, id=12248, stack(0x000000a796300000,0x000000a796400000) (1024K)]
  0x000001fc54a8f3c0 JavaThread "jar transforms Thread 5"           [_thread_blocked, id=6592, stack(0x000000a796400000,0x000000a796500000) (1024K)]
  0x000001fc54a8d980 JavaThread "jar transforms Thread 6"           [_thread_blocked, id=5736, stack(0x000000a796500000,0x000000a796600000) (1024K)]
  0x000001fc54a90e00 JavaThread "jar transforms Thread 7"           [_thread_blocked, id=7760, stack(0x000000a796600000,0x000000a796700000) (1024K)]
  0x000001fc54a8b220 JavaThread "jar transforms Thread 8"           [_thread_blocked, id=12212, stack(0x000000a796700000,0x000000a796800000) (1024K)]
  0x000001fc54a8d2f0 JavaThread "Cache worker for file content cache (C:\Users\Diogo\.gradle\caches\8.13\fileContent)"        [_thread_blocked, id=12008, stack(0x000000a796a00000,0x000000a796b00000) (1024K)]
  0x000001fc9e1b2160 JavaThread "Memory manager"                    [_thread_blocked, id=7848, stack(0x000000a799600000,0x000000a799700000) (1024K)]
  0x000001fc54f7a3a0 JavaThread "Cache worker for Java compile cache (C:\Users\Diogo\.gradle\caches\8.13\javaCompile)"        [_thread_blocked, id=4552, stack(0x000000a79cb00000,0x000000a79cc00000) (1024K)]
  0x000001fc9ea3fbd0 JavaThread "Daemon Thread 11"                  [_thread_blocked, id=9700, stack(0x000000a793100000,0x000000a793200000) (1024K)]
  0x000001fc9ea3eeb0 JavaThread "Handler for socket connection from /127.0.0.1:49849 to /127.0.0.1:51127"        [_thread_in_native, id=13028, stack(0x000000a793200000,0x000000a793300000) (1024K)]
  0x000001fc9ea429c0 JavaThread "Cancel handler"                    [_thread_blocked, id=10280, stack(0x000000a793300000,0x000000a793400000) (1024K)]
  0x000001fc9ea41610 JavaThread "Daemon worker Thread 11"           [_thread_blocked, id=7924, stack(0x000000a795000000,0x000000a795100000) (1024K)]
  0x000001fc9ea44400 JavaThread "Asynchronous log dispatcher for DefaultDaemonConnection: socket connection from /127.0.0.1:49849 to /127.0.0.1:51127"        [_thread_blocked, id=6784, stack(0x000000a795100000,0x000000a795200000) (1024K)]
  0x000001fc9ea44a90 JavaThread "Stdin handler"                     [_thread_blocked, id=1384, stack(0x000000a795200000,0x000000a795300000) (1024K)]
  0x000001fc9ea43050 JavaThread "Daemon client event forwarder"        [_thread_blocked, id=5940, stack(0x000000a795300000,0x000000a795400000) (1024K)]
  0x000001fc9ea457b0 JavaThread "Cache worker for file hash cache (C:\Users\Desenvolvimento\ms-cross-cost-center\.gradle\8.13\fileHashes)"        [_thread_blocked, id=12432, stack(0x000000a795400000,0x000000a795500000) (1024K)]
  0x000001fc9ea45120 JavaThread "Cache worker for Build Output Cleanup Cache (C:\Users\Desenvolvimento\ms-cross-cost-center\.gradle\buildOutputCleanup)"        [_thread_blocked, id=7516, stack(0x000000a795500000,0x000000a795600000) (1024K)]
  0x000001fc9ea45e40 JavaThread "Cache worker for checksums cache (C:\Users\Desenvolvimento\ms-cross-cost-center\.gradle\8.13\checksums)"        [_thread_blocked, id=12788, stack(0x000000a795600000,0x000000a795700000) (1024K)]
  0x000001fc9ea436e0 JavaThread "Cache worker for cache directory md-supplier (C:\Users\Diogo\.gradle\caches\8.13\md-supplier)"        [_thread_blocked, id=12376, stack(0x000000a795b00000,0x000000a795c00000) (1024K)]
  0x000001fc9ea43d70 JavaThread "Cache worker for cache directory md-rule (C:\Users\Diogo\.gradle\caches\8.13\md-rule)"        [_thread_blocked, id=10068, stack(0x000000a795c00000,0x000000a795d00000) (1024K)]
  0x000001fc9ea464d0 JavaThread "Unconstrained build operations"        [_thread_blocked, id=4248, stack(0x000000a795f00000,0x000000a796000000) (1024K)]
  0x000001fc9ea3f540 JavaThread "Unconstrained build operations Thread 2"        [_thread_blocked, id=9760, stack(0x000000a796800000,0x000000a796900000) (1024K)]
  0x000001fc9ea40260 JavaThread "Unconstrained build operations Thread 3"        [_thread_blocked, id=6164, stack(0x000000a796900000,0x000000a796a00000) (1024K)]
  0x000001fc9ea40f80 JavaThread "Unconstrained build operations Thread 4"        [_thread_blocked, id=12144, stack(0x000000a796b00000,0x000000a796c00000) (1024K)]
  0x000001fc9d98ef50 JavaThread "Unconstrained build operations Thread 5"        [_thread_blocked, id=2924, stack(0x000000a796c00000,0x000000a796d00000) (1024K)]
  0x000001fc9d991020 JavaThread "Unconstrained build operations Thread 6"        [_thread_blocked, id=3484, stack(0x000000a796d00000,0x000000a796e00000) (1024K)]
  0x000001fc9d98dba0 JavaThread "Unconstrained build operations Thread 7"        [_thread_blocked, id=3032, stack(0x000000a796e00000,0x000000a796f00000) (1024K)]
  0x000001fc9d9916b0 JavaThread "Unconstrained build operations Thread 8"        [_thread_blocked, id=2560, stack(0x000000a796f00000,0x000000a797000000) (1024K)]
  0x000001fc9d991d40 JavaThread "Unconstrained build operations Thread 9"        [_thread_blocked, id=8000, stack(0x000000a797000000,0x000000a797100000) (1024K)]
  0x000001fc9d98ce80 JavaThread "Unconstrained build operations Thread 10"        [_thread_blocked, id=12448, stack(0x000000a797100000,0x000000a797200000) (1024K)]
  0x000001fc9d990990 JavaThread "Unconstrained build operations Thread 11"        [_thread_blocked, id=8040, stack(0x000000a797200000,0x000000a797300000) (1024K)]
  0x000001fc9d992a60 JavaThread "Unconstrained build operations Thread 12"        [_thread_blocked, id=12944, stack(0x000000a797300000,0x000000a797400000) (1024K)]
  0x000001fc9d98fc70 JavaThread "Unconstrained build operations Thread 13"        [_thread_blocked, id=5724, stack(0x000000a797500000,0x000000a797600000) (1024K)]
  0x000001fc9d98f5e0 JavaThread "Unconstrained build operations Thread 14"        [_thread_blocked, id=11588, stack(0x000000a797600000,0x000000a797700000) (1024K)]
  0x000001fc9d9930f0 JavaThread "ForkJoinPool.commonPool-worker-64" daemon [_thread_blocked, id=11016, stack(0x000000a797700000,0x000000a797800000) (1024K)]
  0x000001fc9d98c160 JavaThread "ForkJoinPool.commonPool-worker-65" daemon [_thread_blocked, id=2948, stack(0x000000a797800000,0x000000a797900000) (1024K)]
  0x000001fc9d990300 JavaThread "ForkJoinPool.commonPool-worker-66" daemon [_thread_blocked, id=636, stack(0x000000a797900000,0x000000a797a00000) (1024K)]
  0x000001fc9d993780 JavaThread "ForkJoinPool.commonPool-worker-67" daemon [_thread_blocked, id=11144, stack(0x000000a797a00000,0x000000a797b00000) (1024K)]
  0x000001fc9d98c7f0 JavaThread "ForkJoinPool.commonPool-worker-68" daemon [_thread_blocked, id=7796, stack(0x000000a797b00000,0x000000a797c00000) (1024K)]
  0x000001fc9d993e10 JavaThread "ForkJoinPool.commonPool-worker-69" daemon [_thread_blocked, id=12900, stack(0x000000a797c00000,0x000000a797d00000) (1024K)]
  0x000001fc9d9944a0 JavaThread "ForkJoinPool.commonPool-worker-70" daemon [_thread_blocked, id=3216, stack(0x000000a797d00000,0x000000a797e00000) (1024K)]
  0x000001fc9d98e230 JavaThread "Unconstrained build operations Thread 15"        [_thread_blocked, id=9644, stack(0x000000a797e00000,0x000000a797f00000) (1024K)]
  0x000001fc9d98d510 JavaThread "Unconstrained build operations Thread 16"        [_thread_blocked, id=12572, stack(0x000000a797f00000,0x000000a798000000) (1024K)]
  0x000001fc9d994b30 JavaThread "Unconstrained build operations Thread 17"        [_thread_blocked, id=8312, stack(0x000000a798000000,0x000000a798100000) (1024K)]
  0x000001fc9d9951c0 JavaThread "Unconstrained build operations Thread 18"        [_thread_blocked, id=3536, stack(0x000000a798100000,0x000000a798200000) (1024K)]
  0x000001fc9d995850 JavaThread "Unconstrained build operations Thread 19"        [_thread_blocked, id=2468, stack(0x000000a798200000,0x000000a798300000) (1024K)]
  0x000001fc9d98e8c0 JavaThread "Unconstrained build operations Thread 20"        [_thread_blocked, id=2284, stack(0x000000a798300000,0x000000a798400000) (1024K)]
  0x000001fc9d99ada0 JavaThread "Unconstrained build operations Thread 21"        [_thread_blocked, id=2420, stack(0x000000a798400000,0x000000a798500000) (1024K)]
  0x000001fc9d998cd0 JavaThread "Unconstrained build operations Thread 22"        [_thread_blocked, id=1396, stack(0x000000a798500000,0x000000a798600000) (1024K)]
  0x000001fc9d999360 JavaThread "Unconstrained build operations Thread 23"        [_thread_blocked, id=5452, stack(0x000000a798600000,0x000000a798700000) (1024K)]
  0x000001fc9d99a710 JavaThread "Unconstrained build operations Thread 24"        [_thread_blocked, id=11052, stack(0x000000a798700000,0x000000a798800000) (1024K)]
  0x000001fc9d99b430 JavaThread "Unconstrained build operations Thread 25"        [_thread_blocked, id=10732, stack(0x000000a798800000,0x000000a798900000) (1024K)]
  0x000001fc9d995ee0 JavaThread "Unconstrained build operations Thread 26"        [_thread_blocked, id=1164, stack(0x000000a798900000,0x000000a798a00000) (1024K)]
  0x000001fc9d996570 JavaThread "Unconstrained build operations Thread 27"        [_thread_blocked, id=8032, stack(0x000000a798a00000,0x000000a798b00000) (1024K)]
  0x000001fc9d996c00 JavaThread "Unconstrained build operations Thread 28"        [_thread_blocked, id=9764, stack(0x000000a798b00000,0x000000a798c00000) (1024K)]
  0x000001fc9d997920 JavaThread "Unconstrained build operations Thread 29"        [_thread_blocked, id=2600, stack(0x000000a798c00000,0x000000a798d00000) (1024K)]
  0x000001fc9d997290 JavaThread "Unconstrained build operations Thread 30"        [_thread_blocked, id=7220, stack(0x000000a798d00000,0x000000a798e00000) (1024K)]
  0x000001fc9d997fb0 JavaThread "Unconstrained build operations Thread 31"        [_thread_blocked, id=12064, stack(0x000000a798e00000,0x000000a798f00000) (1024K)]
  0x000001fc9d9999f0 JavaThread "Unconstrained build operations Thread 32"        [_thread_blocked, id=6752, stack(0x000000a798f00000,0x000000a799000000) (1024K)]
  0x000001fc9d998640 JavaThread "Unconstrained build operations Thread 33"        [_thread_blocked, id=3540, stack(0x000000a799000000,0x000000a799100000) (1024K)]
  0x000001fc9d99a080 JavaThread "Unconstrained build operations Thread 34"        [_thread_blocked, id=12220, stack(0x000000a799100000,0x000000a799200000) (1024K)]
  0x000001fc9da164a0 JavaThread "Unconstrained build operations Thread 35"        [_thread_blocked, id=1632, stack(0x000000a799200000,0x000000a799300000) (1024K)]
  0x000001fc9da18570 JavaThread "Unconstrained build operations Thread 36"        [_thread_blocked, id=5444, stack(0x000000a799300000,0x000000a799400000) (1024K)]
  0x000001fc9da115e0 JavaThread "Unconstrained build operations Thread 37"        [_thread_blocked, id=8204, stack(0x000000a799400000,0x000000a799500000) (1024K)]
  0x000001fc9da136b0 JavaThread "Unconstrained build operations Thread 38"        [_thread_blocked, id=6348, stack(0x000000a799500000,0x000000a799600000) (1024K)]
  0x000001fc9da18c00 JavaThread "Unconstrained build operations Thread 39"        [_thread_blocked, id=11964, stack(0x000000a799700000,0x000000a799800000) (1024K)]
  0x000001fc9da171c0 JavaThread "Unconstrained build operations Thread 40"        [_thread_blocked, id=4092, stack(0x000000a799800000,0x000000a799900000) (1024K)]
  0x000001fc9da14a60 JavaThread "Unconstrained build operations Thread 41"        [_thread_blocked, id=12412, stack(0x000000a799900000,0x000000a799a00000) (1024K)]
  0x000001fc9da13020 JavaThread "Unconstrained build operations Thread 42"        [_thread_blocked, id=11944, stack(0x000000a799a00000,0x000000a799b00000) (1024K)]
  0x000001fc9da143d0 JavaThread "Unconstrained build operations Thread 43"        [_thread_blocked, id=2344, stack(0x000000a799b00000,0x000000a799c00000) (1024K)]
  0x000001fc9da150f0 JavaThread "Unconstrained build operations Thread 44"        [_thread_blocked, id=4792, stack(0x000000a799c00000,0x000000a799d00000) (1024K)]
  0x000001fc9da15780 JavaThread "Unconstrained build operations Thread 45"        [_thread_blocked, id=7128, stack(0x000000a799d00000,0x000000a799e00000) (1024K)]
  0x000001fc9da11c70 JavaThread "Unconstrained build operations Thread 46"        [_thread_blocked, id=3700, stack(0x000000a799e00000,0x000000a799f00000) (1024K)]
  0x000001fc9da19290 JavaThread "Unconstrained build operations Thread 47"        [_thread_blocked, id=13276, stack(0x000000a799f00000,0x000000a79a000000) (1024K)]
  0x000001fc9da15e10 JavaThread "Unconstrained build operations Thread 48"        [_thread_blocked, id=4620, stack(0x000000a79a000000,0x000000a79a100000) (1024K)]
  0x000001fc9da12300 JavaThread "Unconstrained build operations Thread 49"        [_thread_blocked, id=8856, stack(0x000000a79a100000,0x000000a79a200000) (1024K)]
  0x000001fc9da19920 JavaThread "Unconstrained build operations Thread 50"        [_thread_blocked, id=1028, stack(0x000000a79a200000,0x000000a79a300000) (1024K)]
  0x000001fc9da16b30 JavaThread "Unconstrained build operations Thread 51"        [_thread_blocked, id=396, stack(0x000000a79a300000,0x000000a79a400000) (1024K)]
  0x000001fc9da17ee0 JavaThread "Unconstrained build operations Thread 52"        [_thread_blocked, id=12320, stack(0x000000a79a400000,0x000000a79a500000) (1024K)]
  0x000001fc9da12990 JavaThread "Unconstrained build operations Thread 53"        [_thread_blocked, id=252, stack(0x000000a79a500000,0x000000a79a600000) (1024K)]
  0x000001fc9da1e150 JavaThread "Unconstrained build operations Thread 54"        [_thread_blocked, id=11140, stack(0x000000a79a600000,0x000000a79a700000) (1024K)]
  0x000001fc9da1c710 JavaThread "Unconstrained build operations Thread 55"        [_thread_blocked, id=10012, stack(0x000000a79a700000,0x000000a79a800000) (1024K)]
  0x000001fc9da1c080 JavaThread "Unconstrained build operations Thread 56"        [_thread_blocked, id=3324, stack(0x000000a79a800000,0x000000a79a900000) (1024K)]
  0x000001fc9da1f500 JavaThread "Unconstrained build operations Thread 57"        [_thread_blocked, id=2884, stack(0x000000a79a900000,0x000000a79aa00000) (1024K)]
  0x000001fc9da1cda0 JavaThread "Unconstrained build operations Thread 58"        [_thread_blocked, id=10504, stack(0x000000a79aa00000,0x000000a79ab00000) (1024K)]
  0x000001fc9da1a640 JavaThread "Unconstrained build operations Thread 59"        [_thread_blocked, id=10696, stack(0x000000a79ab00000,0x000000a79ac00000) (1024K)]
  0x000001fc9da1ee70 JavaThread "Unconstrained build operations Thread 60"        [_thread_blocked, id=8208, stack(0x000000a79ac00000,0x000000a79ad00000) (1024K)]
  0x000001fc9da1e7e0 JavaThread "Unconstrained build operations Thread 61"        [_thread_blocked, id=7204, stack(0x000000a79ad00000,0x000000a79ae00000) (1024K)]
  0x000001fc9da1fb90 JavaThread "Unconstrained build operations Thread 62"        [_thread_blocked, id=9932, stack(0x000000a79ae00000,0x000000a79af00000) (1024K)]
  0x000001fc9da1dac0 JavaThread "Unconstrained build operations Thread 63"        [_thread_blocked, id=12500, stack(0x000000a79af00000,0x000000a79b000000) (1024K)]
  0x000001fc9da1acd0 JavaThread "Unconstrained build operations Thread 64"        [_thread_blocked, id=3348, stack(0x000000a79b000000,0x000000a79b100000) (1024K)]
  0x000001fc9da19fb0 JavaThread "Unconstrained build operations Thread 65"        [_thread_blocked, id=12636, stack(0x000000a79b100000,0x000000a79b200000) (1024K)]
  0x000001fc9da1b360 JavaThread "Unconstrained build operations Thread 66"        [_thread_blocked, id=9344, stack(0x000000a79b200000,0x000000a79b300000) (1024K)]
  0x000001fc9da20220 JavaThread "Unconstrained build operations Thread 67"        [_thread_blocked, id=2288, stack(0x000000a79b300000,0x000000a79b400000) (1024K)]
  0x000001fc9da1b9f0 JavaThread "Unconstrained build operations Thread 68"        [_thread_blocked, id=2752, stack(0x000000a79b400000,0x000000a79b500000) (1024K)]
  0x000001fc9da1d430 JavaThread "Unconstrained build operations Thread 69"        [_thread_blocked, id=10600, stack(0x000000a79b500000,0x000000a79b600000) (1024K)]
  0x000001fca0fc7860 JavaThread "Unconstrained build operations Thread 70"        [_thread_blocked, id=1312, stack(0x000000a79b600000,0x000000a79b700000) (1024K)]
  0x000001fca0fc64b0 JavaThread "Unconstrained build operations Thread 71"        [_thread_blocked, id=6376, stack(0x000000a79b700000,0x000000a79b800000) (1024K)]
  0x000001fca0fc15f0 JavaThread "Unconstrained build operations Thread 72"        [_thread_blocked, id=2312, stack(0x000000a79b800000,0x000000a79b900000) (1024K)]
  0x000001fca0fc8580 JavaThread "Unconstrained build operations Thread 73"        [_thread_blocked, id=13000, stack(0x000000a79b900000,0x000000a79ba00000) (1024K)]
  0x000001fca0fc3d50 JavaThread "Unconstrained build operations Thread 74"        [_thread_blocked, id=11064, stack(0x000000a79ba00000,0x000000a79bb00000) (1024K)]
  0x000001fca0fc6b40 JavaThread "Unconstrained build operations Thread 75"        [_thread_blocked, id=6324, stack(0x000000a79bb00000,0x000000a79bc00000) (1024K)]
  0x000001fca0fc71d0 JavaThread "Unconstrained build operations Thread 76"        [_thread_blocked, id=11176, stack(0x000000a79bc00000,0x000000a79bd00000) (1024K)]
  0x000001fca0fc92a0 JavaThread "Unconstrained build operations Thread 77"        [_thread_blocked, id=2060, stack(0x000000a79bd00000,0x000000a79be00000) (1024K)]
  0x000001fca0fc2310 JavaThread "Unconstrained build operations Thread 78"        [_thread_blocked, id=10256, stack(0x000000a79be00000,0x000000a79bf00000) (1024K)]
  0x000001fca0fc7ef0 JavaThread "Unconstrained build operations Thread 79"        [_thread_blocked, id=6192, stack(0x000000a79bf00000,0x000000a79c000000) (1024K)]
  0x000001fca0fc43e0 JavaThread "Unconstrained build operations Thread 80"        [_thread_blocked, id=12020, stack(0x000000a79c000000,0x000000a79c100000) (1024K)]
  0x000001fca0fc9930 JavaThread "included builds"                   [_thread_blocked, id=9912, stack(0x000000a79c100000,0x000000a79c200000) (1024K)]
  0x000001fca0fc8c10 JavaThread "Execution worker"                  [_thread_blocked, id=10656, stack(0x000000a79c200000,0x000000a79c300000) (1024K)]
  0x000001fca0fc4a70 JavaThread "Execution worker Thread 2"         [_thread_blocked, id=6080, stack(0x000000a79c300000,0x000000a79c400000) (1024K)]
  0x000001fca0fc5100 JavaThread "Execution worker Thread 3"         [_thread_blocked, id=6960, stack(0x000000a79c400000,0x000000a79c500000) (1024K)]
  0x000001fca0fc5e20 JavaThread "Execution worker Thread 4"         [_thread_blocked, id=11916, stack(0x000000a79c500000,0x000000a79c600000) (1024K)]
  0x000001fca0fc36c0 JavaThread "Execution worker Thread 5"         [_thread_blocked, id=2440, stack(0x000000a79c600000,0x000000a79c700000) (1024K)]
  0x000001fca0fc29a0 JavaThread "Execution worker Thread 6"         [_thread_blocked, id=11992, stack(0x000000a79c700000,0x000000a79c800000) (1024K)]
  0x000001fca0fc9fc0 JavaThread "Execution worker Thread 7"         [_thread_blocked, id=9988, stack(0x000000a79c800000,0x000000a79c900000) (1024K)]
  0x000001fca0fc3030 JavaThread "Cache worker for execution history cache (C:\Users\Desenvolvimento\ms-cross-cost-center\.gradle\8.13\executionHistory)"        [_thread_blocked, id=10040, stack(0x000000a79c900000,0x000000a79ca00000) (1024K)]
  0x000001fca0fcdad0 JavaThread "Build operations"                  [_thread_blocked, id=1428, stack(0x000000a79ca00000,0x000000a79cb00000) (1024K)]
  0x000001fca0fca650 JavaThread "Build operations Thread 2"         [_thread_blocked, id=9616, stack(0x000000a79cc00000,0x000000a79cd00000) (1024K)]
  0x000001fca0fcace0 JavaThread "Build operations Thread 3"         [_thread_blocked, id=7296, stack(0x000000a79cd00000,0x000000a79ce00000) (1024K)]
  0x000001fca0fcc090 JavaThread "Build operations Thread 4"         [_thread_blocked, id=1316, stack(0x000000a79ce00000,0x000000a79cf00000) (1024K)]
  0x000001fca0fce160 JavaThread "Build operations Thread 5"         [_thread_blocked, id=5088, stack(0x000000a79cf00000,0x000000a79d000000) (1024K)]
  0x000001fca0fcb370 JavaThread "Build operations Thread 6"         [_thread_blocked, id=10484, stack(0x000000a79d000000,0x000000a79d100000) (1024K)]
  0x000001fca0fcfba0 JavaThread "Build operations Thread 7"         [_thread_blocked, id=1032, stack(0x000000a79d100000,0x000000a79d200000) (1024K)]
  0x000001fc9c34c190 JavaThread "C2 CompilerThread1"         daemon [_thread_blocked, id=1752, stack(0x000000a797400000,0x000000a797500000) (1024K)]
  0x000001fc9c34ad20 JavaThread "C2 CompilerThread2"         daemon [_thread_in_native, id=3568, stack(0x000000a79d200000,0x000000a79d300000) (1024K)]
  0x000001fca0fcc720 JavaThread "Exec process Thread 23"            [_thread_in_native, id=10264, stack(0x000000a79d300000,0x000000a79d400000) (1024K)]
  0x000001fca0fcf510 JavaThread "Exec process Thread 24"            [_thread_in_native, id=12508, stack(0x000000a79d400000,0x000000a79d500000) (1024K)]
  0x000001fca0fd0230 JavaThread "Exec process Thread 25"            [_thread_in_native, id=13168, stack(0x000000a79d500000,0x000000a79d600000) (1024K)]
Total: 150

Other Threads:
  0x000001fc3359af50 VMThread "VM Thread"                           [id=9400, stack(0x000000a793b00000,0x000000a793c00000) (1024K)]
  0x000001fc54a00130 WatcherThread "VM Periodic Task Thread"        [id=10268, stack(0x000000a793a00000,0x000000a793b00000) (1024K)]
  0x000001fc3359b2f0 WorkerThread "GC Thread#0"                     [id=2516, stack(0x000000a793500000,0x000000a793600000) (1024K)]
  0x000001fc3359bdd0 WorkerThread "GC Thread#1"                     [id=1488, stack(0x000000a794800000,0x000000a794900000) (1024K)]
  0x000001fc3359a470 WorkerThread "GC Thread#2"                     [id=10956, stack(0x000000a794900000,0x000000a794a00000) (1024K)]
  0x000001fc3359a810 WorkerThread "GC Thread#3"                     [id=10544, stack(0x000000a794a00000,0x000000a794b00000) (1024K)]
  0x000001fc9a233d70 WorkerThread "GC Thread#4"                     [id=11244, stack(0x000000a794b00000,0x000000a794c00000) (1024K)]
  0x000001fc9a2344b0 WorkerThread "GC Thread#5"                     [id=5380, stack(0x000000a794700000,0x000000a794800000) (1024K)]
  0x000001fc9a234850 WorkerThread "GC Thread#6"                     [id=1808, stack(0x000000a794c00000,0x000000a794d00000) (1024K)]
  0x000001fc9a234f90 WorkerThread "GC Thread#7"                     [id=5364, stack(0x000000a794d00000,0x000000a794e00000) (1024K)]
  0x000001fc358b8fd0 ConcurrentGCThread "G1 Main Marker"            [id=9236, stack(0x000000a793600000,0x000000a793700000) (1024K)]
  0x000001fc3359ba30 WorkerThread "G1 Conc#0"                       [id=9868, stack(0x000000a793700000,0x000000a793800000) (1024K)]
=>0x000001fc9d23dbf0 WorkerThread "G1 Conc#1"                       [id=10184, stack(0x000000a795a00000,0x000000a795b00000) (1024K)]
  0x000001fc3590d550 ConcurrentGCThread "G1 Refine#0"               [id=8792, stack(0x000000a793800000,0x000000a793900000) (1024K)]
  0x000001fc3590dfd0 ConcurrentGCThread "G1 Service"                [id=6848, stack(0x000000a793900000,0x000000a793a00000) (1024K)]
Total: 15

Threads with active compile tasks:
C2 CompilerThread2  10057209 32151       4       org.gradle.api.internal.tasks.compile.incremental.deps.ClassSetAnalysisData::reduceToTypesAffecting (578 bytes)
Total: 1

VM state: not at safepoint (normal execution)

VM Mutex/Monitor currently owned by a thread: None

Heap address: 0x0000000700000000, size: 4096 MB, Compressed Oops mode: Zero based, Oop shift amount: 3

CDS archive(s) mapped at: [0x000001fc55000000-0x000001fc55c90000-0x000001fc55c90000), size 13172736, SharedBaseAddress: 0x000001fc55000000, ArchiveRelocationMode: 1.
Compressed class space mapped at: 0x000001fc56000000-0x000001fc96000000, reserved size: 1073741824
Narrow klass base: 0x000001fc55000000, Narrow klass shift: 0, Narrow klass range: 0x100000000

GC Precious Log:
 CardTable entry size: 512
 Card Set container configuration: InlinePtr #cards 4 size 8 Array Of Cards #cards 16 size 48 Howl #buckets 8 coarsen threshold 3686 Howl Bitmap #cards 512 size 80 coarsen threshold 460 Card regions per heap region 1 cards per card region 4096
 CPUs: 8 total, 8 available
 Memory: 11989M
 Large Page Support: Disabled
 NUMA Support: Disabled
 Compressed Oops: Enabled (Zero based)
 Heap Region Size: 2M
 Heap Min Capacity: 8M
 Heap Initial Capacity: 188M
 Heap Max Capacity: 4G
 Pre-touch: Disabled
 Parallel Workers: 8
 Concurrent Workers: 2
 Concurrent Refinement Workers: 8
 Periodic GC: Disabled

Heap:
 garbage-first heap   total 382976K, used 202971K [0x0000000700000000, 0x0000000800000000)
  region size 2048K, 25 young (51200K), 5 survivors (10240K)
 Metaspace       used 113482K, committed 115200K, reserved 1179648K
  class space    used 14611K, committed 15488K, reserved 1048576K

Heap Regions: E=young(eden), S=young(survivor), O=old, HS=humongous(starts), HC=humongous(continues), CS=collection set, F=free, TAMS=top-at-mark-start, PB=parsable bottom
|   0|0x0000000700000000, 0x0000000700200000, 0x0000000700200000|100%|HS|  |TAMS 0x0000000700200000| PB 0x0000000700000000| Complete 
|   1|0x0000000700200000, 0x0000000700400000, 0x0000000700400000|100%|HC|  |TAMS 0x0000000700400000| PB 0x0000000700200000| Complete 
|   2|0x0000000700400000, 0x0000000700600000, 0x0000000700600000|100%| O|  |TAMS 0x0000000700600000| PB 0x0000000700400000| Untracked 
|   3|0x0000000700600000, 0x0000000700800000, 0x0000000700800000|100%| O|  |TAMS 0x0000000700800000| PB 0x0000000700600000| Untracked 
|   4|0x0000000700800000, 0x0000000700a00000, 0x0000000700a00000|100%| O|  |TAMS 0x0000000700a00000| PB 0x0000000700800000| Untracked 
|   5|0x0000000700a00000, 0x0000000700c00000, 0x0000000700c00000|100%|HS|  |TAMS 0x0000000700c00000| PB 0x0000000700a00000| Complete 
|   6|0x0000000700c00000, 0x0000000700e00000, 0x0000000700e00000|100%|HS|  |TAMS 0x0000000700e00000| PB 0x0000000700c00000| Complete 
|   7|0x0000000700e00000, 0x0000000701000000, 0x0000000701000000|100%|HC|  |TAMS 0x0000000701000000| PB 0x0000000700e00000| Complete 
|   8|0x0000000701000000, 0x0000000701200000, 0x0000000701200000|100%|HC|  |TAMS 0x0000000701200000| PB 0x0000000701000000| Complete 
|   9|0x0000000701200000, 0x0000000701400000, 0x0000000701400000|100%|HS|  |TAMS 0x0000000701400000| PB 0x0000000701200000| Complete 
|  10|0x0000000701400000, 0x0000000701600000, 0x0000000701600000|100%|HC|  |TAMS 0x0000000701600000| PB 0x0000000701400000| Complete 
|  11|0x0000000701600000, 0x0000000701800000, 0x0000000701800000|100%|HS|  |TAMS 0x0000000701800000| PB 0x0000000701600000| Complete 
|  12|0x0000000701800000, 0x0000000701a00000, 0x0000000701a00000|100%|HS|  |TAMS 0x0000000701a00000| PB 0x0000000701800000| Complete 
|  13|0x0000000701a00000, 0x0000000701c00000, 0x0000000701c00000|100%|HC|  |TAMS 0x0000000701c00000| PB 0x0000000701a00000| Complete 
|  14|0x0000000701c00000, 0x0000000701e00000, 0x0000000701e00000|100%|HC|  |TAMS 0x0000000701e00000| PB 0x0000000701c00000| Complete 
|  15|0x0000000701e00000, 0x0000000702000000, 0x0000000702000000|100%|HS|  |TAMS 0x0000000702000000| PB 0x0000000701e00000| Complete 
|  16|0x0000000702000000, 0x0000000702200000, 0x0000000702200000|100%|HC|  |TAMS 0x0000000702200000| PB 0x0000000702000000| Complete 
|  17|0x0000000702200000, 0x0000000702400000, 0x0000000702400000|100%|HS|  |TAMS 0x0000000702400000| PB 0x0000000702200000| Complete 
|  18|0x0000000702400000, 0x0000000702600000, 0x0000000702600000|100%| O|  |TAMS 0x0000000702400000| PB 0x0000000702400000| Untracked 
|  19|0x0000000702600000, 0x0000000702800000, 0x0000000702800000|100%| O|  |TAMS 0x0000000702800000| PB 0x0000000702600000| Untracked 
|  20|0x0000000702800000, 0x0000000702a00000, 0x0000000702a00000|100%| O|  |TAMS 0x0000000702a00000| PB 0x0000000702800000| Untracked 
|  21|0x0000000702a00000, 0x0000000702c00000, 0x0000000702c00000|100%| O|  |TAMS 0x0000000702c00000| PB 0x0000000702a00000| Untracked 
|  22|0x0000000702c00000, 0x0000000702e00000, 0x0000000702e00000|100%| O|  |TAMS 0x0000000702e00000| PB 0x0000000702c00000| Untracked 
|  23|0x0000000702e00000, 0x0000000703000000, 0x0000000703000000|100%| O|  |TAMS 0x0000000703000000| PB 0x0000000702e00000| Untracked 
|  24|0x0000000703000000, 0x0000000703200000, 0x0000000703200000|100%| O|  |TAMS 0x0000000703200000| PB 0x0000000703000000| Untracked 
|  25|0x0000000703200000, 0x0000000703400000, 0x0000000703400000|100%| O|  |TAMS 0x0000000703400000| PB 0x0000000703200000| Untracked 
|  26|0x0000000703400000, 0x0000000703600000, 0x0000000703600000|100%| O|  |TAMS 0x0000000703600000| PB 0x0000000703400000| Untracked 
|  27|0x0000000703600000, 0x0000000703800000, 0x0000000703800000|100%| O|  |TAMS 0x0000000703800000| PB 0x0000000703600000| Untracked 
|  28|0x0000000703800000, 0x0000000703a00000, 0x0000000703a00000|100%| O|  |TAMS 0x0000000703a00000| PB 0x0000000703800000| Untracked 
|  29|0x0000000703a00000, 0x0000000703c00000, 0x0000000703c00000|100%| O|  |TAMS 0x0000000703c00000| PB 0x0000000703a00000| Untracked 
|  30|0x0000000703c00000, 0x0000000703e00000, 0x0000000703e00000|100%| O|  |TAMS 0x0000000703e00000| PB 0x0000000703c00000| Untracked 
|  31|0x0000000703e00000, 0x0000000704000000, 0x0000000704000000|100%|HS|  |TAMS 0x0000000704000000| PB 0x0000000703e00000| Complete 
|  32|0x0000000704000000, 0x0000000704200000, 0x0000000704200000|100%|HC|  |TAMS 0x0000000704200000| PB 0x0000000704000000| Complete 
|  33|0x0000000704200000, 0x0000000704400000, 0x0000000704400000|100%|HC|  |TAMS 0x0000000704400000| PB 0x0000000704200000| Complete 
|  34|0x0000000704400000, 0x0000000704600000, 0x0000000704600000|100%| O|  |TAMS 0x0000000704600000| PB 0x0000000704400000| Untracked 
|  35|0x0000000704600000, 0x0000000704800000, 0x0000000704800000|100%| O|  |TAMS 0x0000000704800000| PB 0x0000000704600000| Untracked 
|  36|0x0000000704800000, 0x0000000704a00000, 0x0000000704a00000|100%| O|  |TAMS 0x0000000704a00000| PB 0x0000000704800000| Untracked 
|  37|0x0000000704a00000, 0x0000000704c00000, 0x0000000704c00000|100%| O|  |TAMS 0x0000000704c00000| PB 0x0000000704a00000| Untracked 
|  38|0x0000000704c00000, 0x0000000704e00000, 0x0000000704e00000|100%| O|  |TAMS 0x0000000704e00000| PB 0x0000000704c00000| Untracked 
|  39|0x0000000704e00000, 0x0000000705000000, 0x0000000705000000|100%| O|  |TAMS 0x0000000705000000| PB 0x0000000704e00000| Untracked 
|  40|0x0000000705000000, 0x0000000705200000, 0x0000000705200000|100%| O|  |TAMS 0x0000000705200000| PB 0x0000000705000000| Untracked 
|  41|0x0000000705200000, 0x0000000705400000, 0x0000000705400000|100%| O|  |TAMS 0x0000000705400000| PB 0x0000000705200000| Untracked 
|  42|0x0000000705400000, 0x0000000705600000, 0x0000000705600000|100%| O|  |TAMS 0x0000000705600000| PB 0x0000000705400000| Untracked 
|  43|0x0000000705600000, 0x0000000705800000, 0x0000000705800000|100%| O|  |TAMS 0x0000000705800000| PB 0x0000000705600000| Untracked 
|  44|0x0000000705800000, 0x0000000705a00000, 0x0000000705a00000|100%| O|  |TAMS 0x0000000705800000| PB 0x0000000705800000| Untracked 
|  45|0x0000000705a00000, 0x0000000705c00000, 0x0000000705c00000|100%| O|  |TAMS 0x0000000705c00000| PB 0x0000000705a00000| Untracked 
|  46|0x0000000705c00000, 0x0000000705e00000, 0x0000000705e00000|100%| O|  |TAMS 0x0000000705e00000| PB 0x0000000705c00000| Untracked 
|  47|0x0000000705e00000, 0x0000000706000000, 0x0000000706000000|100%| O|  |TAMS 0x0000000705e00000| PB 0x0000000705e00000| Untracked 
|  48|0x0000000706000000, 0x0000000706200000, 0x0000000706200000|100%| O|  |TAMS 0x0000000706000000| PB 0x0000000706000000| Untracked 
|  49|0x0000000706200000, 0x0000000706400000, 0x0000000706400000|100%| O|  |TAMS 0x0000000706400000| PB 0x0000000706200000| Untracked 
|  50|0x0000000706400000, 0x0000000706600000, 0x0000000706600000|100%| O|  |TAMS 0x0000000706600000| PB 0x0000000706400000| Untracked 
|  51|0x0000000706600000, 0x0000000706800000, 0x0000000706800000|100%| O|  |TAMS 0x0000000706800000| PB 0x0000000706600000| Untracked 
|  52|0x0000000706800000, 0x0000000706a00000, 0x0000000706a00000|100%| O|  |TAMS 0x0000000706a00000| PB 0x0000000706800000| Untracked 
|  53|0x0000000706a00000, 0x0000000706c00000, 0x0000000706c00000|100%| O|  |TAMS 0x0000000706a00000| PB 0x0000000706a00000| Untracked 
|  54|0x0000000706c00000, 0x0000000706e00000, 0x0000000706e00000|100%| O|  |TAMS 0x0000000706c00000| PB 0x0000000706c00000| Untracked 
|  55|0x0000000706e00000, 0x0000000706ecc000, 0x0000000707000000| 39%| O|  |TAMS 0x0000000706e00000| PB 0x0000000706e00000| Untracked 
|  56|0x0000000707000000, 0x0000000707200000, 0x0000000707200000|100%| O|  |TAMS 0x000000070716f0e0| PB 0x0000000707000000| Untracked 
|  57|0x0000000707200000, 0x0000000707200000, 0x0000000707400000|  0%| F|  |TAMS 0x0000000707200000| PB 0x0000000707200000| Untracked 
|  58|0x0000000707400000, 0x0000000707400000, 0x0000000707600000|  0%| F|  |TAMS 0x0000000707400000| PB 0x0000000707400000| Untracked 
|  59|0x0000000707600000, 0x0000000707800000, 0x0000000707800000|100%| O|  |TAMS 0x0000000707800000| PB 0x0000000707600000| Untracked 
|  60|0x0000000707800000, 0x0000000707a00000, 0x0000000707a00000|100%| O|  |TAMS 0x0000000707a00000| PB 0x0000000707800000| Untracked 
|  61|0x0000000707a00000, 0x0000000707a00000, 0x0000000707c00000|  0%| F|  |TAMS 0x0000000707a00000| PB 0x0000000707a00000| Untracked 
|  62|0x0000000707c00000, 0x0000000707c00000, 0x0000000707e00000|  0%| F|  |TAMS 0x0000000707c00000| PB 0x0000000707c00000| Untracked 
|  63|0x0000000707e00000, 0x0000000707e00000, 0x0000000708000000|  0%| F|  |TAMS 0x0000000707e00000| PB 0x0000000707e00000| Untracked 
|  64|0x0000000708000000, 0x0000000708000000, 0x0000000708200000|  0%| F|  |TAMS 0x0000000708000000| PB 0x0000000708000000| Untracked 
|  65|0x0000000708200000, 0x0000000708200000, 0x0000000708400000|  0%| F|  |TAMS 0x0000000708200000| PB 0x0000000708200000| Untracked 
|  66|0x0000000708400000, 0x0000000708400000, 0x0000000708600000|  0%| F|  |TAMS 0x0000000708400000| PB 0x0000000708400000| Untracked 
|  67|0x0000000708600000, 0x0000000708800000, 0x0000000708800000|100%| O|  |TAMS 0x0000000708800000| PB 0x0000000708600000| Untracked 
|  68|0x0000000708800000, 0x0000000708a00000, 0x0000000708a00000|100%| O|  |TAMS 0x0000000708a00000| PB 0x0000000708800000| Untracked 
|  69|0x0000000708a00000, 0x0000000708c00000, 0x0000000708c00000|100%| O|  |TAMS 0x0000000708c00000| PB 0x0000000708a00000| Untracked 
|  70|0x0000000708c00000, 0x0000000708e00000, 0x0000000708e00000|100%| O|  |TAMS 0x0000000708e00000| PB 0x0000000708c00000| Untracked 
|  71|0x0000000708e00000, 0x0000000708e00000, 0x0000000709000000|  0%| F|  |TAMS 0x0000000708e00000| PB 0x0000000708e00000| Untracked 
|  72|0x0000000709000000, 0x0000000709000000, 0x0000000709200000|  0%| F|  |TAMS 0x0000000709000000| PB 0x0000000709000000| Untracked 
|  73|0x0000000709200000, 0x0000000709400000, 0x0000000709400000|100%| O|  |TAMS 0x0000000709400000| PB 0x0000000709200000| Untracked 
|  74|0x0000000709400000, 0x0000000709600000, 0x0000000709600000|100%| O|  |TAMS 0x0000000709600000| PB 0x0000000709400000| Untracked 
|  75|0x0000000709600000, 0x0000000709600000, 0x0000000709800000|  0%| F|  |TAMS 0x0000000709600000| PB 0x0000000709600000| Untracked 
|  76|0x0000000709800000, 0x0000000709a00000, 0x0000000709a00000|100%| O|  |TAMS 0x0000000709a00000| PB 0x0000000709800000| Untracked 
|  77|0x0000000709a00000, 0x0000000709a00000, 0x0000000709c00000|  0%| F|  |TAMS 0x0000000709a00000| PB 0x0000000709a00000| Untracked 
|  78|0x0000000709c00000, 0x0000000709e00000, 0x0000000709e00000|100%| O|  |TAMS 0x0000000709e00000| PB 0x0000000709c00000| Untracked 
|  79|0x0000000709e00000, 0x0000000709e00000, 0x000000070a000000|  0%| F|  |TAMS 0x0000000709e00000| PB 0x0000000709e00000| Untracked 
|  80|0x000000070a000000, 0x000000070a000000, 0x000000070a200000|  0%| F|  |TAMS 0x000000070a000000| PB 0x000000070a000000| Untracked 
|  81|0x000000070a200000, 0x000000070a200000, 0x000000070a400000|  0%| F|  |TAMS 0x000000070a200000| PB 0x000000070a200000| Untracked 
|  82|0x000000070a400000, 0x000000070a600000, 0x000000070a600000|100%| O|  |TAMS 0x000000070a600000| PB 0x000000070a400000| Untracked 
|  83|0x000000070a600000, 0x000000070a800000, 0x000000070a800000|100%| O|  |TAMS 0x000000070a800000| PB 0x000000070a600000| Untracked 
|  84|0x000000070a800000, 0x000000070a800000, 0x000000070aa00000|  0%| F|  |TAMS 0x000000070a800000| PB 0x000000070a800000| Untracked 
|  85|0x000000070aa00000, 0x000000070aa00000, 0x000000070ac00000|  0%| F|  |TAMS 0x000000070aa00000| PB 0x000000070aa00000| Untracked 
|  86|0x000000070ac00000, 0x000000070ac00000, 0x000000070ae00000|  0%| F|  |TAMS 0x000000070ac00000| PB 0x000000070ac00000| Untracked 
|  87|0x000000070ae00000, 0x000000070ae00000, 0x000000070b000000|  0%| F|  |TAMS 0x000000070ae00000| PB 0x000000070ae00000| Untracked 
|  88|0x000000070b000000, 0x000000070b000000, 0x000000070b200000|  0%| F|  |TAMS 0x000000070b000000| PB 0x000000070b000000| Untracked 
|  89|0x000000070b200000, 0x000000070b400000, 0x000000070b400000|100%| O|  |TAMS 0x000000070b400000| PB 0x000000070b200000| Untracked 
|  90|0x000000070b400000, 0x000000070b600000, 0x000000070b600000|100%| O|  |TAMS 0x000000070b600000| PB 0x000000070b400000| Untracked 
|  91|0x000000070b600000, 0x000000070b76ae90, 0x000000070b800000| 70%| S|CS|TAMS 0x000000070b600000| PB 0x000000070b600000| Complete 
|  92|0x000000070b800000, 0x000000070ba00000, 0x000000070ba00000|100%| S|CS|TAMS 0x000000070b800000| PB 0x000000070b800000| Complete 
|  93|0x000000070ba00000, 0x000000070bc00000, 0x000000070bc00000|100%| S|CS|TAMS 0x000000070ba00000| PB 0x000000070ba00000| Complete 
|  94|0x000000070bc00000, 0x000000070be00000, 0x000000070be00000|100%| S|CS|TAMS 0x000000070bc00000| PB 0x000000070bc00000| Complete 
|  95|0x000000070be00000, 0x000000070c000000, 0x000000070c000000|100%| S|CS|TAMS 0x000000070be00000| PB 0x000000070be00000| Complete 
|  96|0x000000070c000000, 0x000000070c200000, 0x000000070c200000|100%| O|  |TAMS 0x000000070c200000| PB 0x000000070c000000| Untracked 
|  97|0x000000070c200000, 0x000000070c200000, 0x000000070c400000|  0%| F|  |TAMS 0x000000070c200000| PB 0x000000070c200000| Untracked 
|  98|0x000000070c400000, 0x000000070c600000, 0x000000070c600000|100%| O|  |TAMS 0x000000070c600000| PB 0x000000070c400000| Untracked 
|  99|0x000000070c600000, 0x000000070c600000, 0x000000070c800000|  0%| F|  |TAMS 0x000000070c600000| PB 0x000000070c600000| Untracked 
| 100|0x000000070c800000, 0x000000070c800000, 0x000000070ca00000|  0%| F|  |TAMS 0x000000070c800000| PB 0x000000070c800000| Untracked 
| 101|0x000000070ca00000, 0x000000070ca00000, 0x000000070cc00000|  0%| F|  |TAMS 0x000000070ca00000| PB 0x000000070ca00000| Untracked 
| 102|0x000000070cc00000, 0x000000070cc00000, 0x000000070ce00000|  0%| F|  |TAMS 0x000000070cc00000| PB 0x000000070cc00000| Untracked 
| 103|0x000000070ce00000, 0x000000070ce00000, 0x000000070d000000|  0%| F|  |TAMS 0x000000070ce00000| PB 0x000000070ce00000| Untracked 
| 104|0x000000070d000000, 0x000000070d000000, 0x000000070d200000|  0%| F|  |TAMS 0x000000070d000000| PB 0x000000070d000000| Untracked 
| 105|0x000000070d200000, 0x000000070d200000, 0x000000070d400000|  0%| F|  |TAMS 0x000000070d200000| PB 0x000000070d200000| Untracked 
| 106|0x000000070d400000, 0x000000070d400000, 0x000000070d600000|  0%| F|  |TAMS 0x000000070d400000| PB 0x000000070d400000| Untracked 
| 107|0x000000070d600000, 0x000000070d600000, 0x000000070d800000|  0%| F|  |TAMS 0x000000070d600000| PB 0x000000070d600000| Untracked 
| 108|0x000000070d800000, 0x000000070d800000, 0x000000070da00000|  0%| F|  |TAMS 0x000000070d800000| PB 0x000000070d800000| Untracked 
| 109|0x000000070da00000, 0x000000070da00000, 0x000000070dc00000|  0%| F|  |TAMS 0x000000070da00000| PB 0x000000070da00000| Untracked 
| 110|0x000000070dc00000, 0x000000070dc00000, 0x000000070de00000|  0%| F|  |TAMS 0x000000070dc00000| PB 0x000000070dc00000| Untracked 
| 111|0x000000070de00000, 0x000000070de00000, 0x000000070e000000|  0%| F|  |TAMS 0x000000070de00000| PB 0x000000070de00000| Untracked 
| 112|0x000000070e000000, 0x000000070e000000, 0x000000070e200000|  0%| F|  |TAMS 0x000000070e000000| PB 0x000000070e000000| Untracked 
| 113|0x000000070e200000, 0x000000070e200000, 0x000000070e400000|  0%| F|  |TAMS 0x000000070e200000| PB 0x000000070e200000| Untracked 
| 114|0x000000070e400000, 0x000000070e400000, 0x000000070e600000|  0%| F|  |TAMS 0x000000070e400000| PB 0x000000070e400000| Untracked 
| 115|0x000000070e600000, 0x000000070e600000, 0x000000070e800000|  0%| F|  |TAMS 0x000000070e600000| PB 0x000000070e600000| Untracked 
| 116|0x000000070e800000, 0x000000070e800000, 0x000000070ea00000|  0%| F|  |TAMS 0x000000070e800000| PB 0x000000070e800000| Untracked 
| 117|0x000000070ea00000, 0x000000070ea00000, 0x000000070ec00000|  0%| F|  |TAMS 0x000000070ea00000| PB 0x000000070ea00000| Untracked 
| 118|0x000000070ec00000, 0x000000070ec00000, 0x000000070ee00000|  0%| F|  |TAMS 0x000000070ec00000| PB 0x000000070ec00000| Untracked 
| 119|0x000000070ee00000, 0x000000070ee00000, 0x000000070f000000|  0%| F|  |TAMS 0x000000070ee00000| PB 0x000000070ee00000| Untracked 
| 120|0x000000070f000000, 0x000000070f000000, 0x000000070f200000|  0%| F|  |TAMS 0x000000070f000000| PB 0x000000070f000000| Untracked 
| 121|0x000000070f200000, 0x000000070f200000, 0x000000070f400000|  0%| F|  |TAMS 0x000000070f200000| PB 0x000000070f200000| Untracked 
| 122|0x000000070f400000, 0x000000070f400000, 0x000000070f600000|  0%| F|  |TAMS 0x000000070f400000| PB 0x000000070f400000| Untracked 
| 123|0x000000070f600000, 0x000000070f600000, 0x000000070f800000|  0%| F|  |TAMS 0x000000070f600000| PB 0x000000070f600000| Untracked 
| 124|0x000000070f800000, 0x000000070f800000, 0x000000070fa00000|  0%| F|  |TAMS 0x000000070f800000| PB 0x000000070f800000| Untracked 
| 125|0x000000070fa00000, 0x000000070fa00000, 0x000000070fc00000|  0%| F|  |TAMS 0x000000070fa00000| PB 0x000000070fa00000| Untracked 
| 126|0x000000070fc00000, 0x000000070fc00000, 0x000000070fe00000|  0%| F|  |TAMS 0x000000070fc00000| PB 0x000000070fc00000| Untracked 
| 127|0x000000070fe00000, 0x000000070fe00000, 0x0000000710000000|  0%| F|  |TAMS 0x000000070fe00000| PB 0x000000070fe00000| Untracked 
| 128|0x0000000710000000, 0x0000000710000000, 0x0000000710200000|  0%| F|  |TAMS 0x0000000710000000| PB 0x0000000710000000| Untracked 
| 129|0x0000000710200000, 0x0000000710200000, 0x0000000710400000|  0%| F|  |TAMS 0x0000000710200000| PB 0x0000000710200000| Untracked 
| 130|0x0000000710400000, 0x0000000710400000, 0x0000000710600000|  0%| F|  |TAMS 0x0000000710400000| PB 0x0000000710400000| Untracked 
| 131|0x0000000710600000, 0x0000000710600000, 0x0000000710800000|  0%| F|  |TAMS 0x0000000710600000| PB 0x0000000710600000| Untracked 
| 132|0x0000000710800000, 0x0000000710800000, 0x0000000710a00000|  0%| F|  |TAMS 0x0000000710800000| PB 0x0000000710800000| Untracked 
| 133|0x0000000710a00000, 0x0000000710a00000, 0x0000000710c00000|  0%| F|  |TAMS 0x0000000710a00000| PB 0x0000000710a00000| Untracked 
| 134|0x0000000710c00000, 0x0000000710c00000, 0x0000000710e00000|  0%| F|  |TAMS 0x0000000710c00000| PB 0x0000000710c00000| Untracked 
| 135|0x0000000710e00000, 0x0000000710e00000, 0x0000000711000000|  0%| F|  |TAMS 0x0000000710e00000| PB 0x0000000710e00000| Untracked 
| 136|0x0000000711000000, 0x0000000711000000, 0x0000000711200000|  0%| F|  |TAMS 0x0000000711000000| PB 0x0000000711000000| Untracked 
| 137|0x0000000711200000, 0x0000000711200000, 0x0000000711400000|  0%| F|  |TAMS 0x0000000711200000| PB 0x0000000711200000| Untracked 
| 138|0x0000000711400000, 0x0000000711400000, 0x0000000711600000|  0%| F|  |TAMS 0x0000000711400000| PB 0x0000000711400000| Untracked 
| 139|0x0000000711600000, 0x0000000711600000, 0x0000000711800000|  0%| F|  |TAMS 0x0000000711600000| PB 0x0000000711600000| Untracked 
| 140|0x0000000711800000, 0x0000000711800000, 0x0000000711a00000|  0%| F|  |TAMS 0x0000000711800000| PB 0x0000000711800000| Untracked 
| 141|0x0000000711a00000, 0x0000000711a00000, 0x0000000711c00000|  0%| F|  |TAMS 0x0000000711a00000| PB 0x0000000711a00000| Untracked 
| 142|0x0000000711c00000, 0x0000000711c00000, 0x0000000711e00000|  0%| F|  |TAMS 0x0000000711c00000| PB 0x0000000711c00000| Untracked 
| 143|0x0000000711e00000, 0x0000000711e00000, 0x0000000712000000|  0%| F|  |TAMS 0x0000000711e00000| PB 0x0000000711e00000| Untracked 
| 144|0x0000000712000000, 0x0000000712000000, 0x0000000712200000|  0%| F|  |TAMS 0x0000000712000000| PB 0x0000000712000000| Untracked 
| 145|0x0000000712200000, 0x0000000712200000, 0x0000000712400000|  0%| F|  |TAMS 0x0000000712200000| PB 0x0000000712200000| Untracked 
| 146|0x0000000712400000, 0x0000000712400000, 0x0000000712600000|  0%| F|  |TAMS 0x0000000712400000| PB 0x0000000712400000| Untracked 
| 147|0x0000000712600000, 0x0000000712600000, 0x0000000712800000|  0%| F|  |TAMS 0x0000000712600000| PB 0x0000000712600000| Untracked 
| 148|0x0000000712800000, 0x0000000712800000, 0x0000000712a00000|  0%| F|  |TAMS 0x0000000712800000| PB 0x0000000712800000| Untracked 
| 149|0x0000000712a00000, 0x0000000712a00000, 0x0000000712c00000|  0%| F|  |TAMS 0x0000000712a00000| PB 0x0000000712a00000| Untracked 
| 150|0x0000000712c00000, 0x0000000712c00000, 0x0000000712e00000|  0%| F|  |TAMS 0x0000000712c00000| PB 0x0000000712c00000| Untracked 
| 151|0x0000000712e00000, 0x0000000712e00000, 0x0000000713000000|  0%| F|  |TAMS 0x0000000712e00000| PB 0x0000000712e00000| Untracked 
| 152|0x0000000713000000, 0x0000000713000000, 0x0000000713200000|  0%| F|  |TAMS 0x0000000713000000| PB 0x0000000713000000| Untracked 
| 153|0x0000000713200000, 0x0000000713200000, 0x0000000713400000|  0%| F|  |TAMS 0x0000000713200000| PB 0x0000000713200000| Untracked 
| 154|0x0000000713400000, 0x0000000713400000, 0x0000000713600000|  0%| F|  |TAMS 0x0000000713400000| PB 0x0000000713400000| Untracked 
| 155|0x0000000713600000, 0x0000000713600000, 0x0000000713800000|  0%| F|  |TAMS 0x0000000713600000| PB 0x0000000713600000| Untracked 
| 156|0x0000000713800000, 0x0000000713800000, 0x0000000713a00000|  0%| F|  |TAMS 0x0000000713800000| PB 0x0000000713800000| Untracked 
| 157|0x0000000713a00000, 0x0000000713a00000, 0x0000000713c00000|  0%| F|  |TAMS 0x0000000713a00000| PB 0x0000000713a00000| Untracked 
| 158|0x0000000713c00000, 0x0000000713c00000, 0x0000000713e00000|  0%| F|  |TAMS 0x0000000713c00000| PB 0x0000000713c00000| Untracked 
| 159|0x0000000713e00000, 0x0000000713e00000, 0x0000000714000000|  0%| F|  |TAMS 0x0000000713e00000| PB 0x0000000713e00000| Untracked 
| 160|0x0000000714000000, 0x0000000714000000, 0x0000000714200000|  0%| F|  |TAMS 0x0000000714000000| PB 0x0000000714000000| Untracked 
| 161|0x0000000714200000, 0x0000000714200000, 0x0000000714400000|  0%| F|  |TAMS 0x0000000714200000| PB 0x0000000714200000| Untracked 
| 162|0x0000000714400000, 0x0000000714400000, 0x0000000714600000|  0%| F|  |TAMS 0x0000000714400000| PB 0x0000000714400000| Untracked 
| 163|0x0000000714600000, 0x000000071463b100, 0x0000000714800000| 11%| E|  |TAMS 0x0000000714600000| PB 0x0000000714600000| Complete 
| 164|0x0000000714800000, 0x0000000714a00000, 0x0000000714a00000|100%| E|CS|TAMS 0x0000000714800000| PB 0x0000000714800000| Complete 
| 165|0x0000000714a00000, 0x0000000714c00000, 0x0000000714c00000|100%| E|CS|TAMS 0x0000000714a00000| PB 0x0000000714a00000| Complete 
| 166|0x0000000714c00000, 0x0000000714e00000, 0x0000000714e00000|100%| E|  |TAMS 0x0000000714c00000| PB 0x0000000714c00000| Complete 
| 167|0x0000000714e00000, 0x0000000715000000, 0x0000000715000000|100%| E|CS|TAMS 0x0000000714e00000| PB 0x0000000714e00000| Complete 
| 168|0x0000000715000000, 0x0000000715200000, 0x0000000715200000|100%| E|CS|TAMS 0x0000000715000000| PB 0x0000000715000000| Complete 
| 169|0x0000000715200000, 0x0000000715400000, 0x0000000715400000|100%| E|CS|TAMS 0x0000000715200000| PB 0x0000000715200000| Complete 
| 170|0x0000000715400000, 0x0000000715600000, 0x0000000715600000|100%| E|CS|TAMS 0x0000000715400000| PB 0x0000000715400000| Complete 
| 171|0x0000000715600000, 0x0000000715800000, 0x0000000715800000|100%| E|CS|TAMS 0x0000000715600000| PB 0x0000000715600000| Complete 
| 172|0x0000000715800000, 0x0000000715a00000, 0x0000000715a00000|100%| E|CS|TAMS 0x0000000715800000| PB 0x0000000715800000| Complete 
| 173|0x0000000715a00000, 0x0000000715c00000, 0x0000000715c00000|100%| E|CS|TAMS 0x0000000715a00000| PB 0x0000000715a00000| Complete 
| 174|0x0000000715c00000, 0x0000000715e00000, 0x0000000715e00000|100%| E|CS|TAMS 0x0000000715c00000| PB 0x0000000715c00000| Complete 
| 175|0x0000000715e00000, 0x0000000716000000, 0x0000000716000000|100%| E|CS|TAMS 0x0000000715e00000| PB 0x0000000715e00000| Complete 
| 176|0x0000000716000000, 0x0000000716200000, 0x0000000716200000|100%| E|CS|TAMS 0x0000000716000000| PB 0x0000000716000000| Complete 
| 177|0x0000000716200000, 0x0000000716400000, 0x0000000716400000|100%| E|CS|TAMS 0x0000000716200000| PB 0x0000000716200000| Complete 
| 178|0x0000000716400000, 0x0000000716600000, 0x0000000716600000|100%| E|CS|TAMS 0x0000000716400000| PB 0x0000000716400000| Complete 
| 179|0x0000000716600000, 0x0000000716800000, 0x0000000716800000|100%| E|CS|TAMS 0x0000000716600000| PB 0x0000000716600000| Complete 
| 180|0x0000000716800000, 0x0000000716a00000, 0x0000000716a00000|100%| E|CS|TAMS 0x0000000716800000| PB 0x0000000716800000| Complete 
| 181|0x0000000716a00000, 0x0000000716c00000, 0x0000000716c00000|100%| E|CS|TAMS 0x0000000716a00000| PB 0x0000000716a00000| Complete 
|2043|0x00000007ff600000, 0x00000007ff800000, 0x00000007ff800000|100%| E|CS|TAMS 0x00000007ff600000| PB 0x00000007ff600000| Complete 
|2044|0x00000007ff800000, 0x00000007ffa00000, 0x00000007ffa00000|100%| O|  |TAMS 0x00000007ffa00000| PB 0x00000007ff800000| Untracked 
|2045|0x00000007ffa00000, 0x00000007ffc00000, 0x00000007ffc00000|100%| O|  |TAMS 0x00000007ffc00000| PB 0x00000007ffa00000| Untracked 
|2046|0x00000007ffc00000, 0x00000007ffe00000, 0x00000007ffe00000|100%| O|  |TAMS 0x00000007ffe00000| PB 0x00000007ffc00000| Untracked 
|2047|0x00000007ffe00000, 0x0000000800000000, 0x0000000800000000|100%| O|  |TAMS 0x0000000800000000| PB 0x00000007ffe00000| Untracked 

Card table byte_map: [0x000001fc4d810000,0x000001fc4e010000] _byte_map_base: 0x000001fc4a010000

Marking Bits: (CMBitMap*) 0x000001fc358a84c0
 Bits: [0x000001fc4e010000, 0x000001fc52010000)

Polling page: 0x000001fc337b0000

Metaspace:

Usage:
  Non-class:     96.55 MB used.
      Class:     14.27 MB used.
       Both:    110.82 MB used.

Virtual space:
  Non-class space:      128.00 MB reserved,      97.38 MB ( 76%) committed,  2 nodes.
      Class space:        1.00 GB reserved,      15.12 MB (  1%) committed,  1 nodes.
             Both:        1.12 GB reserved,     112.50 MB ( 10%) committed. 

Chunk freelists:
   Non-Class:  14.09 MB
       Class:  997.00 KB
        Both:  15.07 MB

MaxMetaspaceSize: unlimited
CompressedClassSpaceSize: 1.00 GB
Initial GC threshold: 21.00 MB
Current GC threshold: 188.12 MB
CDS: on
 - commit_granule_bytes: 65536.
 - commit_granule_words: 8192.
 - virtual_space_node_default_size: 8388608.
 - enlarge_chunks_in_place: 1.
 - use_allocation_guard: 0.


Internal statistics:

num_allocs_failed_limit: 6.
num_arena_births: 5306.
num_arena_deaths: 2686.
num_vsnodes_births: 3.
num_vsnodes_deaths: 0.
num_space_committed: 1921.
num_space_uncommitted: 71.
num_chunks_returned_to_freelist: 4108.
num_chunks_taken_from_freelist: 13174.
num_chunk_merges: 1233.
num_chunk_splits: 7035.
num_chunks_enlarged: 4193.
num_inconsistent_stats: 0.

CodeHeap 'non-profiled nmethods': size=120000Kb used=18916Kb max_used=18916Kb free=101084Kb
 bounds [0x000001fc457b0000, 0x000001fc46a30000, 0x000001fc4cce0000]
CodeHeap 'profiled nmethods': size=120000Kb used=31437Kb max_used=34449Kb free=88562Kb
 bounds [0x000001fc3dce0000, 0x000001fc3fe90000, 0x000001fc45210000]
CodeHeap 'non-nmethods': size=5760Kb used=2945Kb max_used=3018Kb free=2814Kb
 bounds [0x000001fc45210000, 0x000001fc45520000, 0x000001fc457b0000]
 total_blobs=16455 nmethods=15429 adapters=928
 compilation: enabled
              stopped_count=0, restarted_count=0
 full_count=0

Compilation events (20 events):
Event: 10056.994 Thread 0x000001fc54a49c60 nmethod 32171 0x000001fc465e4810 code [0x000001fc465e49c0, 0x000001fc465e4cb8]
Event: 10056.996 Thread 0x000001fc54a49c60 32173       4       org.gradle.internal.component.external.model.GradleDependencyMetadata::isTransitive (13 bytes)
Event: 10056.997 Thread 0x000001fc54a49c60 nmethod 32173 0x000001fc46455910 code [0x000001fc46455aa0, 0x000001fc46455b30]
Event: 10056.997 Thread 0x000001fc54a49c60 32174       4       java.util.LinkedHashMap::get (29 bytes)
Event: 10056.998 Thread 0x000001fc54a4cb00 32175       3       org.gradle.api.internal.artifacts.ivyservice.resolveengine.graph.conflicts.DefaultCapabilitiesConflictHandler::candidate (11 bytes)
Event: 10056.999 Thread 0x000001fc54a4cb00 nmethod 32175 0x000001fc3fcaf790 code [0x000001fc3fcaf940, 0x000001fc3fcafc70]
Event: 10057.024 Thread 0x000001fc54a49c60 nmethod 32174 0x000001fc465e3390 code [0x000001fc465e35a0, 0x000001fc465e3fd8]
Event: 10057.037 Thread 0x000001fc9c34c190 nmethod 32156 0x000001fc464e0390 code [0x000001fc464e06c0, 0x000001fc464e22c8]
Event: 10057.074 Thread 0x000001fc54a4cb00 32176       3       org.gradle.internal.execution.impl.DefaultWorkValidationContext::getProblemsService (4 bytes)
Event: 10057.074 Thread 0x000001fc54a4cb00 nmethod 32176 0x000001fc3fcaf210 code [0x000001fc3fcaf3e0, 0x000001fc3fcaf658]
Event: 10057.074 Thread 0x000001fc54a4cb00 32177       3       org.gradle.api.problems.internal.ProblemsProgressEventEmitterHolder::get (20 bytes)
Event: 10057.074 Thread 0x000001fc54a4cb00 nmethod 32177 0x000001fc3f5a5c10 code [0x000001fc3f5a5dc0, 0x000001fc3f5a5fc0]
Event: 10057.074 Thread 0x000001fc54a4cb00 32178       3       org.gradle.internal.reflect.JavaMethod::<init> (20 bytes)
Event: 10057.075 Thread 0x000001fc54a4cb00 nmethod 32178 0x000001fc3ed67b10 code [0x000001fc3ed67d20, 0x000001fc3ed68340]
Event: 10057.075 Thread 0x000001fc54a4cb00 32179       3       org.gradle.api.internal.tasks.DefaultSourceSetOutput_Decorated::getResourcesDir (40 bytes)
Event: 10057.076 Thread 0x000001fc54a4cb00 nmethod 32179 0x000001fc3f527b90 code [0x000001fc3f527e60, 0x000001fc3f528e68]
Event: 10057.076 Thread 0x000001fc54a4cb00 32180       3       org.gradle.api.internal.tasks.DefaultSourceSetOutput::getResourcesDir (23 bytes)
Event: 10057.077 Thread 0x000001fc54a4cb00 nmethod 32180 0x000001fc3ed66f90 code [0x000001fc3ed671a0, 0x000001fc3ed678b0]
Event: 10057.077 Thread 0x000001fc54a4cb00 32181       3       org.gradle.api.plugins.JavaBasePlugin$$Lambda/0x000001fc569d3710::call (12 bytes)
Event: 10057.077 Thread 0x000001fc54a4cb00 nmethod 32181 0x000001fc3f98c210 code [0x000001fc3f98c3c0, 0x000001fc3f98c510]

GC Heap History (20 events):
Event: 9216.449 GC heap before
{Heap before GC invocations=75 (full 0):
 garbage-first heap   total 382976K, used 338875K [0x0000000700000000, 0x0000000800000000)
  region size 2048K, 80 young (163840K), 6 survivors (12288K)
 Metaspace       used 107109K, committed 108736K, reserved 1179648K
  class space    used 13875K, committed 14784K, reserved 1048576K
}
Event: 9216.458 GC heap after
{Heap after GC invocations=76 (full 0):
 garbage-first heap   total 382976K, used 200541K [0x0000000700000000, 0x0000000800000000)
  region size 2048K, 10 young (20480K), 10 survivors (20480K)
 Metaspace       used 107109K, committed 108736K, reserved 1179648K
  class space    used 13875K, committed 14784K, reserved 1048576K
}
Event: 9224.996 GC heap before
{Heap before GC invocations=77 (full 0):
 garbage-first heap   total 382976K, used 339805K [0x0000000700000000, 0x0000000800000000)
  region size 2048K, 78 young (159744K), 10 survivors (20480K)
 Metaspace       used 112591K, committed 114176K, reserved 1179648K
  class space    used 14559K, committed 15360K, reserved 1048576K
}
Event: 9225.010 GC heap after
{Heap after GC invocations=78 (full 0):
 garbage-first heap   total 382976K, used 207000K [0x0000000700000000, 0x0000000800000000)
  region size 2048K, 8 young (16384K), 8 survivors (16384K)
 Metaspace       used 112591K, committed 114176K, reserved 1179648K
  class space    used 14559K, committed 15360K, reserved 1048576K
}
Event: 9234.460 GC heap before
{Heap before GC invocations=78 (full 0):
 garbage-first heap   total 382976K, used 338072K [0x0000000700000000, 0x0000000800000000)
  region size 2048K, 72 young (147456K), 8 survivors (16384K)
 Metaspace       used 114146K, committed 115712K, reserved 1179648K
  class space    used 14736K, committed 15552K, reserved 1048576K
}
Event: 9234.479 GC heap after
{Heap after GC invocations=79 (full 0):
 garbage-first heap   total 382976K, used 191430K [0x0000000700000000, 0x0000000800000000)
  region size 2048K, 4 young (8192K), 4 survivors (8192K)
 Metaspace       used 114146K, committed 115712K, reserved 1179648K
  class space    used 14736K, committed 15552K, reserved 1048576K
}
Event: 9235.224 GC heap before
{Heap before GC invocations=79 (full 0):
 garbage-first heap   total 382976K, used 338886K [0x0000000700000000, 0x0000000800000000)
  region size 2048K, 76 young (155648K), 4 survivors (8192K)
 Metaspace       used 114161K, committed 115712K, reserved 1179648K
  class space    used 14737K, committed 15552K, reserved 1048576K
}
Event: 9235.236 GC heap after
{Heap after GC invocations=80 (full 0):
 garbage-first heap   total 382976K, used 197909K [0x0000000700000000, 0x0000000800000000)
  region size 2048K, 7 young (14336K), 7 survivors (14336K)
 Metaspace       used 114161K, committed 115712K, reserved 1179648K
  class space    used 14737K, committed 15552K, reserved 1048576K
}
Event: 9464.645 GC heap before
{Heap before GC invocations=81 (full 0):
 garbage-first heap   total 382976K, used 341269K [0x0000000700000000, 0x0000000800000000)
  region size 2048K, 78 young (159744K), 7 survivors (14336K)
 Metaspace       used 112392K, committed 115648K, reserved 1179648K
  class space    used 14530K, committed 15552K, reserved 1048576K
}
Event: 9464.653 GC heap after
{Heap after GC invocations=82 (full 0):
 garbage-first heap   total 382976K, used 196097K [0x0000000700000000, 0x0000000800000000)
  region size 2048K, 6 young (12288K), 6 survivors (12288K)
 Metaspace       used 112392K, committed 115648K, reserved 1179648K
  class space    used 14530K, committed 15552K, reserved 1048576K
}
Event: 9465.337 GC heap before
{Heap before GC invocations=82 (full 0):
 garbage-first heap   total 382976K, used 339457K [0x0000000700000000, 0x0000000800000000)
  region size 2048K, 77 young (157696K), 6 survivors (12288K)
 Metaspace       used 112403K, committed 115648K, reserved 1179648K
  class space    used 14531K, committed 15552K, reserved 1048576K
}
Event: 9465.356 GC heap after
{Heap after GC invocations=83 (full 0):
 garbage-first heap   total 382976K, used 176745K [0x0000000700000000, 0x0000000800000000)
  region size 2048K, 8 young (16384K), 8 survivors (16384K)
 Metaspace       used 112403K, committed 115648K, reserved 1179648K
  class space    used 14531K, committed 15552K, reserved 1048576K
}
Event: 9600.207 GC heap before
{Heap before GC invocations=83 (full 0):
 garbage-first heap   total 382976K, used 340585K [0x0000000700000000, 0x0000000800000000)
  region size 2048K, 89 young (182272K), 8 survivors (16384K)
 Metaspace       used 112467K, committed 115648K, reserved 1179648K
  class space    used 14534K, committed 15552K, reserved 1048576K
}
Event: 9600.222 GC heap after
{Heap after GC invocations=84 (full 0):
 garbage-first heap   total 382976K, used 182514K [0x0000000700000000, 0x0000000800000000)
  region size 2048K, 10 young (20480K), 10 survivors (20480K)
 Metaspace       used 112467K, committed 115648K, reserved 1179648K
  class space    used 14534K, committed 15552K, reserved 1048576K
}
Event: 9706.137 GC heap before
{Heap before GC invocations=85 (full 0):
 garbage-first heap   total 382976K, used 334066K [0x0000000700000000, 0x0000000800000000)
  region size 2048K, 86 young (176128K), 10 survivors (20480K)
 Metaspace       used 111666K, committed 114752K, reserved 1179648K
  class space    used 14427K, committed 15488K, reserved 1048576K
}
Event: 9706.196 GC heap after
{Heap after GC invocations=86 (full 0):
 garbage-first heap   total 382976K, used 169582K [0x0000000700000000, 0x0000000800000000)
  region size 2048K, 4 young (8192K), 4 survivors (8192K)
 Metaspace       used 111666K, committed 114752K, reserved 1179648K
  class space    used 14427K, committed 15488K, reserved 1048576K
}
Event: 10055.508 GC heap before
{Heap before GC invocations=86 (full 0):
 garbage-first heap   total 382976K, used 339566K [0x0000000700000000, 0x0000000800000000)
  region size 2048K, 88 young (180224K), 4 survivors (8192K)
 Metaspace       used 111855K, committed 114880K, reserved 1179648K
  class space    used 14428K, committed 15488K, reserved 1048576K
}
Event: 10055.528 GC heap after
{Heap after GC invocations=87 (full 0):
 garbage-first heap   total 382976K, used 164182K [0x0000000700000000, 0x0000000800000000)
  region size 2048K, 11 young (22528K), 11 survivors (22528K)
 Metaspace       used 111855K, committed 114880K, reserved 1179648K
  class space    used 14428K, committed 15488K, reserved 1048576K
}
Event: 10057.005 GC heap before
{Heap before GC invocations=87 (full 0):
 garbage-first heap   total 382976K, used 336214K [0x0000000700000000, 0x0000000800000000)
  region size 2048K, 96 young (196608K), 11 survivors (22528K)
 Metaspace       used 113478K, committed 115200K, reserved 1179648K
  class space    used 14611K, committed 15488K, reserved 1048576K
}
Event: 10057.019 GC heap after
{Heap after GC invocations=88 (full 0):
 garbage-first heap   total 382976K, used 166107K [0x0000000700000000, 0x0000000800000000)
  region size 2048K, 5 young (10240K), 5 survivors (10240K)
 Metaspace       used 113478K, committed 115200K, reserved 1179648K
  class space    used 14611K, committed 15488K, reserved 1048576K
}

Dll operation events (16 events):
Event: 0.159 Loaded shared library C:\Program Files\Java\jdk-21\bin\java.dll
Event: 0.206 Loaded shared library C:\Program Files\Java\jdk-21\bin\jsvml.dll
Event: 0.517 Loaded shared library C:\Program Files\Java\jdk-21\bin\zip.dll
Event: 0.523 Loaded shared library C:\Program Files\Java\jdk-21\bin\instrument.dll
Event: 0.803 Loaded shared library C:\Program Files\Java\jdk-21\bin\net.dll
Event: 0.808 Loaded shared library C:\Program Files\Java\jdk-21\bin\nio.dll
Event: 0.814 Loaded shared library C:\Program Files\Java\jdk-21\bin\zip.dll
Event: 1.441 Loaded shared library C:\Program Files\Java\jdk-21\bin\jimage.dll
Event: 1.735 Loaded shared library C:\Program Files\Java\jdk-21\bin\verify.dll
Event: 1.906 Loaded shared library C:\Users\Diogo\.gradle\native\1def1411415f61bf3af743bc5b6707747c0891f09f0c88961ee8f79bc544acac\windows-amd64\native-platform.dll
Event: 2.161 Loaded shared library C:\Users\Diogo\.gradle\native\0.2.7\x86_64-windows-gnu\gradle-fileevents.dll
Event: 3.489 Loaded shared library C:\Program Files\Java\jdk-21\bin\management.dll
Event: 3.504 Loaded shared library C:\Program Files\Java\jdk-21\bin\management_ext.dll
Event: 3.851 Loaded shared library C:\Program Files\Java\jdk-21\bin\extnet.dll
Event: 5.532 Loaded shared library C:\Program Files\Java\jdk-21\bin\sunmscapi.dll
Event: 9226.427 Loaded shared library C:\Program Files\Java\jdk-21\bin\prefs.dll

Deoptimization events (20 events):
Event: 10055.739 Thread 0x000001fca0fc8c10 DEOPT PACKING pc=0x000001fc46297ac8 sp=0x000000a79c2fb160
Event: 10055.739 Thread 0x000001fca0fc8c10 DEOPT UNPACKING pc=0x000001fc452646a2 sp=0x000000a79c2fb148 mode 2
Event: 10056.356 Thread 0x000001fca0fc8c10 DEOPT PACKING pc=0x000001fc3ef6a4d1 sp=0x000000a79c2f93f0
Event: 10056.356 Thread 0x000001fca0fc8c10 DEOPT UNPACKING pc=0x000001fc45264e42 sp=0x000000a79c2f88a0 mode 0
Event: 10056.367 Thread 0x000001fca0fc8c10 DEOPT PACKING pc=0x000001fc3ef6a4d1 sp=0x000000a79c2f5b40
Event: 10056.367 Thread 0x000001fca0fc8c10 DEOPT UNPACKING pc=0x000001fc45264e42 sp=0x000000a79c2f4ff0 mode 0
Event: 10056.382 Thread 0x000001fca0fc8c10 DEOPT PACKING pc=0x000001fc3ef6a4d1 sp=0x000000a79c2f5b40
Event: 10056.382 Thread 0x000001fca0fc8c10 DEOPT UNPACKING pc=0x000001fc45264e42 sp=0x000000a79c2f4ff0 mode 0
Event: 10056.396 Thread 0x000001fca0fc8c10 DEOPT PACKING pc=0x000001fc3ef6a4d1 sp=0x000000a79c2f5b40
Event: 10056.396 Thread 0x000001fca0fc8c10 DEOPT UNPACKING pc=0x000001fc45264e42 sp=0x000000a79c2f4ff0 mode 0
Event: 10056.792 Thread 0x000001fca0fc8c10 Uncommon trap: trap_request=0xffffff45 fr.pc=0x000001fc45ed44a8 relative=0x0000000000001328
Event: 10056.792 Thread 0x000001fca0fc8c10 Uncommon trap: reason=unstable_if action=reinterpret pc=0x000001fc45ed44a8 method=lombok.launch.PackageShader.apply([B)Z @ 190 c2
Event: 10056.792 Thread 0x000001fca0fc8c10 DEOPT PACKING pc=0x000001fc45ed44a8 sp=0x000000a79c2f98a0
Event: 10056.792 Thread 0x000001fca0fc8c10 DEOPT UNPACKING pc=0x000001fc452646a2 sp=0x000000a79c2f9880 mode 2
Event: 10056.792 Thread 0x000001fca0fc8c10 Uncommon trap: trap_request=0xffffff45 fr.pc=0x000001fc4685c5dc relative=0x000000000000095c
Event: 10056.792 Thread 0x000001fca0fc8c10 Uncommon trap: reason=unstable_if action=reinterpret pc=0x000001fc4685c5dc method=lombok.launch.PackageShader.apply([B)Z @ 190 c2
Event: 10056.792 Thread 0x000001fca0fc8c10 DEOPT PACKING pc=0x000001fc4685c5dc sp=0x000000a79c2f9900
Event: 10056.792 Thread 0x000001fca0fc8c10 DEOPT UNPACKING pc=0x000001fc452646a2 sp=0x000000a79c2f9880 mode 2
Event: 10056.901 Thread 0x000001fca0fc8c10 DEOPT PACKING pc=0x000001fc3e0e80bb sp=0x000000a79c2fb480
Event: 10056.901 Thread 0x000001fca0fc8c10 DEOPT UNPACKING pc=0x000001fc45264e42 sp=0x000000a79c2faa20 mode 0

Classes loaded (20 events):
Event: 9226.216 Loading class java/io/ObjectOutputStream$PutFieldImpl
Event: 9226.217 Loading class java/io/ObjectOutputStream$PutField
Event: 9226.217 Loading class java/io/ObjectOutputStream$PutField done
Event: 9226.217 Loading class java/io/ObjectOutputStream$PutFieldImpl done
Event: 9226.419 Loading class java/util/prefs/Preferences$1
Event: 9226.420 Loading class java/util/prefs/Preferences$1 done
Event: 9226.420 Loading class java/util/prefs/Preferences$2
Event: 9226.420 Loading class java/util/prefs/Preferences$2 done
Event: 9226.420 Loading class java/util/prefs/PreferencesFactory
Event: 9226.420 Loading class java/util/prefs/PreferencesFactory done
Event: 9226.420 Loading class java/util/prefs/Preferences$3
Event: 9226.420 Loading class java/util/prefs/Preferences$3 done
Event: 9226.421 Loading class java/util/prefs/WindowsPreferencesFactory
Event: 9226.422 Loading class java/util/prefs/WindowsPreferencesFactory done
Event: 9226.422 Loading class java/util/prefs/WindowsPreferences
Event: 9226.423 Loading class java/util/prefs/WindowsPreferences done
Event: 9226.428 Loading class java/util/prefs/AbstractPreferences$1
Event: 9226.429 Loading class java/util/prefs/AbstractPreferences$1 done
Event: 10056.193 Loading class jdk/internal/module/IllegalAccessLogger
Event: 10056.193 Loading class jdk/internal/module/IllegalAccessLogger done

Classes unloaded (20 events):
Event: 9600.336 Thread 0x000001fc3359af50 Unloading class 0x000001fc5635b400 'jdk/internal/reflect/GeneratedSerializationConstructorAccessor110'
Event: 9600.336 Thread 0x000001fc3359af50 Unloading class 0x000001fc564d8800 'jdk/internal/reflect/GeneratedSerializationConstructorAccessor109'
Event: 9600.336 Thread 0x000001fc3359af50 Unloading class 0x000001fc56580800 'jdk/internal/reflect/GeneratedSerializationConstructorAccessor108'
Event: 9600.336 Thread 0x000001fc3359af50 Unloading class 0x000001fc56595400 'java/lang/invoke/LambdaForm$MH+0x000001fc56595400'
Event: 9600.336 Thread 0x000001fc3359af50 Unloading class 0x000001fc565ab400 'java/lang/invoke/LambdaForm$BMH+0x000001fc565ab400'
Event: 9600.336 Thread 0x000001fc3359af50 Unloading class 0x000001fc56619c00 'java/lang/invoke/LambdaForm$MH+0x000001fc56619c00'
Event: 9600.336 Thread 0x000001fc3359af50 Unloading class 0x000001fc568c0000 'java/lang/invoke/LambdaForm$BMH+0x000001fc568c0000'
Event: 9600.336 Thread 0x000001fc3359af50 Unloading class 0x000001fc56dbc000 'ijKotlinCoroutineJvmDebugInit1_9snwclfdbz79w3jydtjfffxpj$_run_closure1$_closure2'
Event: 9600.336 Thread 0x000001fc3359af50 Unloading class 0x000001fc562f3800 'ijKotlinCoroutineJvmDebugInit1_9snwclfdbz79w3jydtjfffxpj$_run_closure1'
Event: 9600.336 Thread 0x000001fc3359af50 Unloading class 0x000001fc562fb000 'ijKotlinCoroutineJvmDebugInit1_9snwclfdbz79w3jydtjfffxpj'
Event: 9600.336 Thread 0x000001fc3359af50 Unloading class 0x000001fc56254000 'ijJvmDebugger1_zwf6m20wc0nboy01pki0jm1t$_run_closure1$_closure2'
Event: 9600.336 Thread 0x000001fc3359af50 Unloading class 0x000001fc56328000 'ijJvmDebugger1_zwf6m20wc0nboy01pki0jm1t$_run_closure1'
Event: 9600.336 Thread 0x000001fc3359af50 Unloading class 0x000001fc56836000 'ijJvmDebugger1_zwf6m20wc0nboy01pki0jm1t'
Event: 9600.336 Thread 0x000001fc3359af50 Unloading class 0x000001fc56c60800 'org/gradle/initialization/InitScript$initscript'
Event: 9600.336 Thread 0x000001fc3359af50 Unloading class 0x000001fc56d0a000 'ijJvmDebugger1_zwf6m20wc0nboy01pki0jm1t$_run_closure1$_closure2'
Event: 9600.336 Thread 0x000001fc3359af50 Unloading class 0x000001fc56d05800 'ijJvmDebugger1_zwf6m20wc0nboy01pki0jm1t$_run_closure1'
Event: 9600.336 Thread 0x000001fc3359af50 Unloading class 0x000001fc56d95000 'ijJvmDebugger1_zwf6m20wc0nboy01pki0jm1t'
Event: 9600.336 Thread 0x000001fc3359af50 Unloading class 0x000001fc56de9800 'org/gradle/api/plugins/ExtraPropertiesExtension$has'
Event: 9600.336 Thread 0x000001fc3359af50 Unloading class 0x000001fc56dbd000 'ijMapper1_ac2otg69hemvdmj8egqbl3gj$_run_closure1'
Event: 9600.336 Thread 0x000001fc3359af50 Unloading class 0x000001fc56df1000 'ijMapper1_ac2otg69hemvdmj8egqbl3gj'

Classes redefined (0 events):
No events

Internal exceptions (20 events):
Event: 10056.185 Thread 0x000001fca0fc8c10 Exception <a 'sun/nio/fs/WindowsException'{0x000000070fd046c8}> (0x000000070fd046c8) 
thrown [s\open\src\hotspot\share\prims\jni.cpp, line 520]
Event: 10056.187 Thread 0x000001fca0fc8c10 Exception <a 'sun/nio/fs/WindowsException'{0x000000070fdc8b50}> (0x000000070fdc8b50) 
thrown [s\open\src\hotspot\share\prims\jni.cpp, line 520]
Event: 10056.189 Thread 0x000001fca0fc8c10 Exception <a 'sun/nio/fs/WindowsException'{0x000000070fa4fcd8}> (0x000000070fa4fcd8) 
thrown [s\open\src\hotspot\share\prims\jni.cpp, line 520]
Event: 10056.191 Thread 0x000001fca0fc8c10 Exception <a 'sun/nio/fs/WindowsException'{0x000000070fadd938}> (0x000000070fadd938) 
thrown [s\open\src\hotspot\share\prims\jni.cpp, line 520]
Event: 10056.746 Thread 0x000001fca0fc8c10 Exception <a 'sun/nio/fs/WindowsException'{0x000000070dab0ab8}> (0x000000070dab0ab8) 
thrown [s\open\src\hotspot\share\prims\jni.cpp, line 520]
Event: 10056.754 Thread 0x000001fca0fc8c10 Exception <a 'sun/nio/fs/WindowsException'{0x000000070db90e70}> (0x000000070db90e70) 
thrown [s\open\src\hotspot\share\prims\jni.cpp, line 520]
Event: 10056.759 Thread 0x000001fca0fc8c10 Exception <a 'sun/nio/fs/WindowsException'{0x000000070d84dc70}> (0x000000070d84dc70) 
thrown [s\open\src\hotspot\share\prims\jni.cpp, line 520]
Event: 10056.766 Thread 0x000001fca0fc8c10 Exception <a 'sun/nio/fs/WindowsException'{0x000000070d96a9d8}> (0x000000070d96a9d8) 
thrown [s\open\src\hotspot\share\prims\jni.cpp, line 520]
Event: 10056.771 Thread 0x000001fca0fc8c10 Exception <a 'sun/nio/fs/WindowsException'{0x000000070d9f8b70}> (0x000000070d9f8b70) 
thrown [s\open\src\hotspot\share\prims\jni.cpp, line 520]
Event: 10056.776 Thread 0x000001fca0fc8c10 Exception <a 'sun/nio/fs/WindowsException'{0x000000070d72ebc0}> (0x000000070d72ebc0) 
thrown [s\open\src\hotspot\share\prims\jni.cpp, line 520]
Event: 10056.779 Thread 0x000001fca0fc8c10 Exception <a 'sun/nio/fs/WindowsException'{0x000000070d7ca128}> (0x000000070d7ca128) 
thrown [s\open\src\hotspot\share\prims\jni.cpp, line 520]
Event: 10056.781 Thread 0x000001fca0fc8c10 Exception <a 'sun/nio/fs/WindowsException'{0x000000070d7e3688}> (0x000000070d7e3688) 
thrown [s\open\src\hotspot\share\prims\jni.cpp, line 520]
Event: 10056.784 Thread 0x000001fca0fc8c10 Exception <a 'sun/nio/fs/WindowsException'{0x000000070d7fb100}> (0x000000070d7fb100) 
thrown [s\open\src\hotspot\share\prims\jni.cpp, line 520]
Event: 10056.826 Thread 0x000001fca0fc8c10 Exception <a 'sun/nio/fs/WindowsException'{0x000000070d386e40}> (0x000000070d386e40) 
thrown [s\open\src\hotspot\share\prims\jni.cpp, line 520]
Event: 10056.827 Thread 0x000001fca0fc8c10 Exception <a 'sun/nio/fs/WindowsException'{0x000000070d388028}> (0x000000070d388028) 
thrown [s\open\src\hotspot\share\prims\jni.cpp, line 520]
Event: 10056.827 Thread 0x000001fca0fc8c10 Exception <a 'sun/nio/fs/WindowsException'{0x000000070d388aa0}> (0x000000070d388aa0) 
thrown [s\open\src\hotspot\share\prims\jni.cpp, line 520]
Event: 10057.002 Thread 0x000001fca0fc8c10 Exception <a 'java/io/FileNotFoundException'{0x000000070c3e3a80}> (0x000000070c3e3a80) 
thrown [s\open\src\hotspot\share\prims\jni.cpp, line 520]
Event: 10057.002 Thread 0x000001fca0fc8c10 Exception <a 'java/io/FileNotFoundException'{0x000000070c3e4df8}> (0x000000070c3e4df8) 
thrown [s\open\src\hotspot\share\prims\jni.cpp, line 520]
Event: 10057.077 Thread 0x000001fca0fc8c10 Exception <a 'java/io/FileNotFoundException'{0x000000071608ecc8}> (0x000000071608ecc8) 
thrown [s\open\src\hotspot\share\prims\jni.cpp, line 520]
Event: 10057.077 Thread 0x000001fca0fc8c10 Exception <a 'java/io/FileNotFoundException'{0x0000000716090348}> (0x0000000716090348) 
thrown [s\open\src\hotspot\share\prims\jni.cpp, line 520]

ZGC Phase Switch (0 events):
No events

VM Operations (20 events):
Event: 9707.202 Executing VM operation: Cleanup
Event: 9707.202 Executing VM operation: Cleanup done
Event: 9708.216 Executing VM operation: Cleanup
Event: 9708.216 Executing VM operation: Cleanup done
Event: 9741.411 Executing VM operation: HandshakeAllThreads (HandshakeForDeflation)
Event: 9741.411 Executing VM operation: HandshakeAllThreads (HandshakeForDeflation) done
Event: 9741.411 Executing VM operation: RendezvousGCThreads
Event: 9741.411 Executing VM operation: RendezvousGCThreads done
Event: 9815.929 Executing VM operation: Cleanup
Event: 9815.929 Executing VM operation: Cleanup done
Event: 10010.572 Executing VM operation: Cleanup
Event: 10010.572 Executing VM operation: Cleanup done
Event: 10054.955 Executing VM operation: Cleanup
Event: 10054.955 Executing VM operation: Cleanup done
Event: 10055.508 Executing VM operation: G1CollectForAllocation (G1 Evacuation Pause)
Event: 10055.528 Executing VM operation: G1CollectForAllocation (G1 Evacuation Pause) done
Event: 10056.534 Executing VM operation: Cleanup
Event: 10056.535 Executing VM operation: Cleanup done
Event: 10057.005 Executing VM operation: G1CollectForAllocation (G1 Evacuation Pause)
Event: 10057.019 Executing VM operation: G1CollectForAllocation (G1 Evacuation Pause) done

Events (20 events):
Event: 10055.205 Thread 0x000001fc9c345b60 Thread added: 0x000001fc9c345b60
Event: 10055.656 Thread 0x000001fca0fc9930 Thread added: 0x000001fca0fc9930
Event: 10055.656 Thread 0x000001fca0fc8c10 Thread added: 0x000001fca0fc8c10
Event: 10055.656 Thread 0x000001fca0fc4a70 Thread added: 0x000001fca0fc4a70
Event: 10055.656 Thread 0x000001fca0fc5100 Thread added: 0x000001fca0fc5100
Event: 10055.656 Thread 0x000001fca0fc5e20 Thread added: 0x000001fca0fc5e20
Event: 10055.656 Thread 0x000001fca0fc36c0 Thread added: 0x000001fca0fc36c0
Event: 10055.656 Thread 0x000001fca0fc29a0 Thread added: 0x000001fca0fc29a0
Event: 10055.657 Thread 0x000001fca0fc9fc0 Thread added: 0x000001fca0fc9fc0
Event: 10055.658 Thread 0x000001fca0fc3030 Thread added: 0x000001fca0fc3030
Event: 10055.702 Thread 0x000001fca0fcdad0 Thread added: 0x000001fca0fcdad0
Event: 10055.702 Thread 0x000001fca0fca650 Thread added: 0x000001fca0fca650
Event: 10055.702 Thread 0x000001fca0fcace0 Thread added: 0x000001fca0fcace0
Event: 10055.702 Thread 0x000001fca0fcc090 Thread added: 0x000001fca0fcc090
Event: 10055.702 Thread 0x000001fca0fce160 Thread added: 0x000001fca0fce160
Event: 10055.703 Thread 0x000001fca0fcb370 Thread added: 0x000001fca0fcb370
Event: 10055.703 Thread 0x000001fca0fcfba0 Thread added: 0x000001fca0fcfba0
Event: 10056.001 Thread 0x000001fc9c345b60 Thread exited: 0x000001fc9c345b60
Event: 10056.764 Thread 0x000001fc9c34c190 Thread added: 0x000001fc9c34c190
Event: 10056.820 Thread 0x000001fc9c34ad20 Thread added: 0x000001fc9c34ad20


Dynamic libraries:
0x00007ff66b210000 - 0x00007ff66b220000 	C:\Program Files\Java\jdk-21\bin\java.exe
0x00007ffa91090000 - 0x00007ffa91288000 	C:\Windows\SYSTEM32\ntdll.dll
0x00007ffa90f80000 - 0x00007ffa91042000 	C:\Windows\System32\KERNEL32.DLL
0x00007ffa8e9f0000 - 0x00007ffa8ece6000 	C:\Windows\System32\KERNELBASE.dll
0x00007ffa8e750000 - 0x00007ffa8e850000 	C:\Windows\System32\ucrtbase.dll
0x00007ffa2bce0000 - 0x00007ffa2bcf9000 	C:\Program Files\Java\jdk-21\bin\jli.dll
0x00007ffa90ec0000 - 0x00007ffa90f71000 	C:\Windows\System32\ADVAPI32.dll
0x00007ffa8f420000 - 0x00007ffa8f4be000 	C:\Windows\System32\msvcrt.dll
0x00007ffa2bbb0000 - 0x00007ffa2bbcb000 	C:\Program Files\Java\jdk-21\bin\VCRUNTIME140.dll
0x00007ffa90070000 - 0x00007ffa9010f000 	C:\Windows\System32\sechost.dll
0x00007ffa8f720000 - 0x00007ffa8f843000 	C:\Windows\System32\RPCRT4.dll
0x00007ffa8ecf0000 - 0x00007ffa8ed17000 	C:\Windows\System32\bcrypt.dll
0x00007ffa90250000 - 0x00007ffa903ed000 	C:\Windows\System32\USER32.dll
0x00007ffa8e720000 - 0x00007ffa8e742000 	C:\Windows\System32\win32u.dll
0x00007ffa8f8b0000 - 0x00007ffa8f8db000 	C:\Windows\System32\GDI32.dll
0x00007ffa8ee30000 - 0x00007ffa8ef49000 	C:\Windows\System32\gdi32full.dll
0x00007ffa8e8a0000 - 0x00007ffa8e93d000 	C:\Windows\System32\msvcp_win.dll
0x00007ffa80b80000 - 0x00007ffa80e1a000 	C:\Windows\WinSxS\amd64_microsoft.windows.common-controls_6595b64144ccf1df_6.0.19041.5915_none_60b4b9d171f9c7c7\COMCTL32.dll
0x00007ffa822d0000 - 0x00007ffa822da000 	C:\Windows\SYSTEM32\VERSION.dll
0x00007ffa90110000 - 0x00007ffa9013f000 	C:\Windows\System32\IMM32.DLL
0x00007ffa4e7c0000 - 0x00007ffa4e7cc000 	C:\Program Files\Java\jdk-21\bin\vcruntime140_1.dll
0x00007ffa14980000 - 0x00007ffa14a0e000 	C:\Program Files\Java\jdk-21\bin\msvcp140.dll
0x00007ffa11c30000 - 0x00007ffa1294a000 	C:\Program Files\Java\jdk-21\bin\server\jvm.dll
0x00007ffa8f5e0000 - 0x00007ffa8f64b000 	C:\Windows\System32\WS2_32.dll
0x00007ffa8e580000 - 0x00007ffa8e5cb000 	C:\Windows\SYSTEM32\POWRPROF.dll
0x00007ffa82450000 - 0x00007ffa82477000 	C:\Windows\SYSTEM32\WINMM.dll
0x00007ffa8e560000 - 0x00007ffa8e572000 	C:\Windows\SYSTEM32\UMPDC.dll
0x00007ffa8c5a0000 - 0x00007ffa8c5b2000 	C:\Windows\SYSTEM32\kernel.appcore.dll
0x00007ffa4e7a0000 - 0x00007ffa4e7aa000 	C:\Program Files\Java\jdk-21\bin\jimage.dll
0x00007ffa80e90000 - 0x00007ffa81091000 	C:\Windows\SYSTEM32\DBGHELP.DLL
0x00007ffa7ede0000 - 0x00007ffa7ee14000 	C:\Windows\SYSTEM32\dbgcore.DLL
0x00007ffa8ed20000 - 0x00007ffa8eda2000 	C:\Windows\System32\bcryptPrimitives.dll
0x00007ffa34870000 - 0x00007ffa3487f000 	C:\Program Files\Java\jdk-21\bin\instrument.dll
0x00007ffa2bb50000 - 0x00007ffa2bb6f000 	C:\Program Files\Java\jdk-21\bin\java.dll
0x00007ffa903f0000 - 0x00007ffa90b5e000 	C:\Windows\System32\SHELL32.dll
0x00007ffa8c7a0000 - 0x00007ffa8cf43000 	C:\Windows\SYSTEM32\windows.storage.dll
0x00007ffa90b60000 - 0x00007ffa90eb3000 	C:\Windows\System32\combase.dll
0x00007ffa8e080000 - 0x00007ffa8e0ab000 	C:\Windows\SYSTEM32\Wldp.dll
0x00007ffa8f650000 - 0x00007ffa8f71d000 	C:\Windows\System32\OLEAUT32.dll
0x00007ffa8ffc0000 - 0x00007ffa9006d000 	C:\Windows\System32\SHCORE.dll
0x00007ffa8ff40000 - 0x00007ffa8ff9b000 	C:\Windows\System32\shlwapi.dll
0x00007ffa8e650000 - 0x00007ffa8e675000 	C:\Windows\SYSTEM32\profapi.dll
0x00007ffa148a0000 - 0x00007ffa14977000 	C:\Program Files\Java\jdk-21\bin\jsvml.dll
0x00007ffa29900000 - 0x00007ffa29918000 	C:\Program Files\Java\jdk-21\bin\zip.dll
0x00007ffa33b80000 - 0x00007ffa33b90000 	C:\Program Files\Java\jdk-21\bin\net.dll
0x00007ffa85a80000 - 0x00007ffa85b8a000 	C:\Windows\SYSTEM32\WINHTTP.dll
0x00007ffa8dde0000 - 0x00007ffa8de4a000 	C:\Windows\system32\mswsock.dll
0x00007ffa28530000 - 0x00007ffa28546000 	C:\Program Files\Java\jdk-21\bin\nio.dll
0x00007ffa33ab0000 - 0x00007ffa33ac0000 	C:\Program Files\Java\jdk-21\bin\verify.dll
0x00007ffa4e7d0000 - 0x00007ffa4e7f7000 	C:\Users\Diogo\.gradle\native\1def1411415f61bf3af743bc5b6707747c0891f09f0c88961ee8f79bc544acac\windows-amd64\native-platform.dll
0x00007ffa147e0000 - 0x00007ffa14858000 	C:\Users\Diogo\.gradle\native\0.2.7\x86_64-windows-gnu\gradle-fileevents.dll
0x00007ffa31480000 - 0x00007ffa3148a000 	C:\Program Files\Java\jdk-21\bin\management.dll
0x00007ffa2b140000 - 0x00007ffa2b14b000 	C:\Program Files\Java\jdk-21\bin\management_ext.dll
0x00007ffa8f8e0000 - 0x00007ffa8f8e8000 	C:\Windows\System32\PSAPI.DLL
0x00007ffa8dac0000 - 0x00007ffa8dafb000 	C:\Windows\SYSTEM32\IPHLPAPI.DLL
0x00007ffa8f0b0000 - 0x00007ffa8f0b8000 	C:\Windows\System32\NSI.dll
0x00007ffa29b80000 - 0x00007ffa29b89000 	C:\Program Files\Java\jdk-21\bin\extnet.dll
0x00007ffa8dfe0000 - 0x00007ffa8dff8000 	C:\Windows\SYSTEM32\CRYPTSP.dll
0x00007ffa8d700000 - 0x00007ffa8d738000 	C:\Windows\system32\rsaenh.dll
0x00007ffa8e610000 - 0x00007ffa8e63e000 	C:\Windows\SYSTEM32\USERENV.dll
0x00007ffa8dfd0000 - 0x00007ffa8dfdc000 	C:\Windows\SYSTEM32\CRYPTBASE.dll
0x00007ffa298f0000 - 0x00007ffa298fe000 	C:\Program Files\Java\jdk-21\bin\sunmscapi.dll
0x00007ffa8ef50000 - 0x00007ffa8f0ad000 	C:\Windows\System32\CRYPT32.dll
0x00007ffa8e0f0000 - 0x00007ffa8e117000 	C:\Windows\SYSTEM32\ncrypt.dll
0x00007ffa8e0b0000 - 0x00007ffa8e0eb000 	C:\Windows\SYSTEM32\NTASN1.dll
0x00007ffa89280000 - 0x00007ffa89287000 	C:\Windows\system32\wshunix.dll
0x00007ffa8db00000 - 0x00007ffa8dbca000 	C:\Windows\SYSTEM32\DNSAPI.dll
0x00007ffa85ba0000 - 0x00007ffa85baa000 	C:\Windows\System32\rasadhlp.dll
0x00007ffa83c40000 - 0x00007ffa83cc0000 	C:\Windows\System32\fwpuclnt.dll
0x00007ffa892d0000 - 0x00007ffa892d9000 	C:\Program Files\Java\jdk-21\bin\prefs.dll

dbghelp: loaded successfully - version: 4.0.5 - missing functions: none
symbol engine: initialized successfully - sym options: 0x614 - pdb path: .;C:\Program Files\Java\jdk-21\bin;C:\Windows\SYSTEM32;C:\Windows\WinSxS\amd64_microsoft.windows.common-controls_6595b64144ccf1df_6.0.19041.5915_none_60b4b9d171f9c7c7;C:\Program Files\Java\jdk-21\bin\server;C:\Users\Diogo\.gradle\native\1def1411415f61bf3af743bc5b6707747c0891f09f0c88961ee8f79bc544acac\windows-amd64;C:\Users\Diogo\.gradle\native\0.2.7\x86_64-windows-gnu

VM Arguments:
jvm_args: --add-opens=java.base/java.lang=ALL-UNNAMED --add-opens=java.base/java.lang.invoke=ALL-UNNAMED --add-opens=java.base/java.util=ALL-UNNAMED --add-opens=java.prefs/java.util.prefs=ALL-UNNAMED --add-exports=jdk.compiler/com.sun.tools.javac.api=ALL-UNNAMED --add-exports=jdk.compiler/com.sun.tools.javac.util=ALL-UNNAMED --add-opens=java.base/java.util=ALL-UNNAMED --add-opens=java.prefs/java.util.prefs=ALL-UNNAMED --add-opens=java.base/java.nio.charset=ALL-UNNAMED --add-opens=java.base/java.net=ALL-UNNAMED --add-opens=java.base/java.util.concurrent.atomic=ALL-UNNAMED --add-opens=java.xml/javax.xml.namespace=ALL-UNNAMED -Xmx4096M -Dfile.encoding=UTF-8 -Duser.country=BR -Duser.language=pt -Duser.variant -javaagent:C:\Users\Diogo\.gradle\wrapper\dists\gradle-8.13-bin\5xuhj0ry160q40clulazy9h7d\gradle-8.13\lib\agents\gradle-instrumentation-agent-8.13.jar 
java_command: org.gradle.launcher.daemon.bootstrap.GradleDaemon 8.13
java_class_path (initial): C:\Users\Diogo\.gradle\wrapper\dists\gradle-8.13-bin\5xuhj0ry160q40clulazy9h7d\gradle-8.13\lib\gradle-daemon-main-8.13.jar
Launcher Type: SUN_STANDARD

[Global flags]
     intx CICompilerCount                          = 4                                         {product} {ergonomic}
     uint ConcGCThreads                            = 2                                         {product} {ergonomic}
     uint G1ConcRefinementThreads                  = 8                                         {product} {ergonomic}
   size_t G1HeapRegionSize                         = 2097152                                   {product} {ergonomic}
    uintx GCDrainStackTargetSize                   = 64                                        {product} {ergonomic}
   size_t InitialHeapSize                          = 197132288                                 {product} {ergonomic}
   size_t MarkStackSize                            = 4194304                                   {product} {ergonomic}
   size_t MaxHeapSize                              = 4294967296                                {product} {command line}
   size_t MaxNewSize                               = 2575302656                                {product} {ergonomic}
   size_t MinHeapDeltaBytes                        = 2097152                                   {product} {ergonomic}
   size_t MinHeapSize                              = 8388608                                   {product} {ergonomic}
    uintx NonNMethodCodeHeapSize                   = 5839372                                {pd product} {ergonomic}
    uintx NonProfiledCodeHeapSize                  = 122909434                              {pd product} {ergonomic}
    uintx ProfiledCodeHeapSize                     = 122909434                              {pd product} {ergonomic}
    uintx ReservedCodeCacheSize                    = 251658240                              {pd product} {ergonomic}
     bool SegmentedCodeCache                       = true                                      {product} {ergonomic}
   size_t SoftMaxHeapSize                          = 4294967296                             {manageable} {ergonomic}
     bool UseCompressedOops                        = true                           {product lp64_product} {ergonomic}
     bool UseG1GC                                  = true                                      {product} {ergonomic}
     bool UseLargePagesIndividualAllocation        = false                                  {pd product} {ergonomic}

Logging:
Log output configuration:
 #0: stdout all=warning uptime,level,tags foldmultilines=false
 #1: stderr all=off uptime,level,tags foldmultilines=false

Environment Variables:
JAVA_HOME=C:\Program Files\Java\jdk-21
PATH=C:\Program Files\Common Files\Oracle\Java\javapath;C:\Windows\system32;C:\Windows;C:\Windows\System32\Wbem;C:\Windows\System32\WindowsPowerShell\v1.0\;C:\Windows\System32\OpenSSH\;C:\Program Files\dotnet\;C:\Program Files (x86)\Windows Kits\10\Windows Performance Toolkit\;C:\Program Files\Git\cmd;C:\gradle-8.13;C:\Program Files\Java\jdk-21\bin;C:\apache-maven-3.9.9\bin;C:\Program Files\MySQL\MySQL Server 8.0\bin;C:\Program Files\PostgreSQL\17\bin;C:\Users\Diogo\AppData\Local\Microsoft\WindowsApps;C:\gradle-8.13\bin;C:\Program Files\Java\jdk-21\bin;C:\Program Files\Common Files\Oracle\Java\javapath;C:\apache-maven-3.9.9\bin;
USERNAME=Diogo
OS=Windows_NT
PROCESSOR_IDENTIFIER=Intel64 Family 6 Model 58 Stepping 9, GenuineIntel
TMP=C:\Users\Diogo\AppData\Local\Temp
TEMP=C:\Users\Diogo\AppData\Local\Temp




Periodic native trim disabled

---------------  S Y S T E M  ---------------

OS:
 Windows 10 , 64 bit Build 19041 (10.0.19041.5915)
OS uptime: 0 days 2:57 hours

CPU: total 8 (initial active 8) (4 cores per cpu, 2 threads per core) family 6 model 58 stepping 9 microcode 0x21, cx8, cmov, fxsr, ht, mmx, sse, sse2, sse3, ssse3, sse4.1, sse4.2, popcnt, tsc, tscinvbit, avx, erms, clmul, vzeroupper, clflush, rdtscp, f16c
Processor Information for all 8 processors :
  Max Mhz: 2401, Current Mhz: 2401, Mhz Limit: 2401

Memory: 4k page, system-wide physical 11989M (3560M free)
TotalPageFile size 16341M (AvailPageFile size 6081M)
current process WorkingSet (physical memory assigned to process): 660M, peak: 692M
current process commit charge ("private bytes"): 766M, peak: 781M

vm_info: Java HotSpot(TM) 64-Bit Server VM (21.0.7+8-LTS-245) for windows-amd64 JRE (21.0.7+8-LTS-245), built on 2025-02-21T05:11:27Z by "mach5one" with MS VC++ 17.6 (VS2022)

END.
